,date,open,close,high,low,amount,pcnt,pcnt_1d,pcnt_5d,pcnt_10d,pcnt_20d,pcnt_60d,pcnt_120d,pcnt_240d,max_price,min_price,max_price_500d,min_price_500d
0,2021-07-19,3.769,3.729,3.769,3.726,438568.08,,1.1531241619737236,1.1531241619737236,1.1531241619737236,1.1531241619737236,1.1531241619737236,1.1531241619737236,1.1531241619737236,3.769,3.726,3.769,3.726
1,2021-07-20,3.731,3.759,3.764,3.731,155900.03,0.7980845969672733,1.143921255653103,1.143921255653103,1.143921255653103,1.143921255653103,1.143921255653103,1.143921255653103,1.143921255653103,3.769,3.726,3.769,3.726
2,2021-07-21,3.754,3.747,3.754,3.72,142741.5,-0.32025620496397145,1.1742727515345501,1.3077128369362139,1.3077128369362139,1.3077128369362139,1.3077128369362139,1.3077128369362139,1.3077128369362139,3.769,3.72,3.769,3.72
3,2021-07-22,3.742,3.72,3.742,3.708,159112.51,-0.7258064516128948,1.2365591397849414,1.6397849462365575,1.6397849462365575,1.6397849462365575,1.6397849462365575,1.6397849462365575,1.6397849462365575,3.769,3.708,3.769,3.708
4,2021-07-23,3.73,3.735,3.738,3.722,62480.33,0.4016064257028027,0.9103078982597004,1.6331994645247643,1.6331994645247643,1.6331994645247643,1.6331994645247643,1.6331994645247643,1.6331994645247643,3.769,3.708,3.769,3.708
5,2021-07-26,3.735,3.743,3.748,3.735,80368.6,0.2137323002938821,0.6946299759551228,1.6297087897408482,1.6297087897408482,1.6297087897408482,1.6297087897408482,1.6297087897408482,1.6297087897408482,3.769,3.708,3.769,3.708
6,2021-07-27,3.718,3.709,3.718,3.706,111913.65,-0.9166891345376061,1.1323806956052915,1.5637638177406261,1.698571043407931,1.698571043407931,1.698571043407931,1.698571043407931,1.698571043407931,3.769,3.706,3.769,3.706
7,2021-07-28,3.728,3.745,3.755,3.728,34672.61,0.9612817089452611,1.3084112149532692,1.3084112149532692,1.6822429906542102,1.6822429906542102,1.6822429906542102,1.6822429906542102,1.6822429906542102,3.769,3.706,3.769,3.706
8,2021-07-29,3.745,3.755,3.763,3.745,30958.14,0.26631158455392245,0.9320905459387404,1.5179760319573885,1.6777629826897515,1.6777629826897515,1.6777629826897515,1.6777629826897515,1.6777629826897515,3.769,3.706,3.769,3.706
9,2021-07-30,3.754,3.763,3.772,3.754,138733.46,0.2125963327132609,0.7175126229072466,1.7539197448843964,1.7539197448843964,1.7539197448843964,1.7539197448843964,1.7539197448843964,1.7539197448843964,3.772,3.706,3.772,3.706
10,2021-08-02,3.758,3.726,3.758,3.723,186987.43,-0.9930220075147591,1.3150831991411684,1.7713365539452453,1.7713365539452453,1.7713365539452453,1.7713365539452453,1.7713365539452453,1.7713365539452453,3.772,3.706,3.772,3.706
11,2021-08-03,3.726,3.729,3.735,3.726,69536.05,0.08045052292840207,0.9385894341646592,1.7699115044247742,1.7699115044247742,1.7699115044247742,1.7699115044247742,1.7699115044247742,1.7699115044247742,3.772,3.706,3.772,3.706
12,2021-08-04,3.734,3.738,3.741,3.733,84609.98,0.24077046548956388,0.40128410914928103,1.3108614232209719,1.7656500802568174,1.7656500802568174,1.7656500802568174,1.7656500802568174,1.7656500802568174,3.772,3.706,3.772,3.706
13,2021-08-05,3.737,3.73,3.737,3.729,100924.93,-0.21447721179624685,0.32171581769437024,1.313672922252009,1.7694369973190305,1.7694369973190305,1.7694369973190305,1.7694369973190305,1.7694369973190305,3.772,3.706,3.772,3.706
14,2021-08-06,3.725,3.711,3.725,3.71,174070.27,-0.5119913769873384,0.727566693613585,1.6707087038534043,1.7784963621665275,1.7784963621665275,1.7784963621665275,1.7784963621665275,1.7784963621665275,3.772,3.706,3.772,3.706
15,2021-08-09,3.636,3.611,3.636,3.59,166376.05,-2.7693159789531885,3.738576571586824,4.652450844641377,5.040155081694819,5.040155081694819,5.040155081694819,5.040155081694819,5.040155081694819,3.772,3.59,3.772,3.59
16,2021-08-10,3.606,3.597,3.606,3.589,188164.32,-0.389213233249937,1.3066444259104852,4.2257436752849635,5.08757297748123,5.08757297748123,5.08757297748123,5.08757297748123,5.08757297748123,3.772,3.589,3.772,3.589
17,2021-08-11,3.59,3.595,3.599,3.587,49058.57,-0.05563282336577968,0.5285118219749564,4.283727399165505,5.146036161335177,5.146036161335177,5.146036161335177,5.146036161335177,5.146036161335177,3.772,3.587,3.772,3.587
18,2021-08-12,3.603,3.632,3.638,3.603,108025.64,1.0187224669603503,1.4041850220264238,4.129955947136561,5.093612334801751,5.093612334801751,5.093612334801751,5.093612334801751,5.093612334801751,3.772,3.587,3.772,3.587
19,2021-08-13,3.637,3.639,3.642,3.631,52974.59,0.19236053860949914,1.071723000824394,3.792250618301729,5.0838142346798465,5.0838142346798465,5.0838142346798465,5.0838142346798465,5.0838142346798465,3.772,3.587,3.772,3.587
20,2021-08-16,3.671,3.67,3.684,3.668,153199.29,0.8446866485013662,1.4441416893733074,2.6430517711171655,4.659400544959123,5.040871934604894,5.040871934604894,5.040871934604894,5.040871934604894,3.772,3.587,3.772,3.587
21,2021-08-17,3.676,3.706,3.706,3.676,189170.62,0.9713977334052895,1.025364274150022,3.2110091743119207,4.155423637344844,4.991905018888279,4.991905018888279,4.991905018888279,4.991905018888279,3.772,3.587,3.772,3.587
22,2021-08-18,3.702,3.709,3.71,3.698,76998.88,0.08088433540038052,0.9166891345376061,3.3162577514154696,4.152062550552707,4.987867349689933,4.987867349689933,4.987867349689933,4.987867349689933,3.772,3.587,3.772,3.587
23,2021-08-19,3.696,3.691,3.696,3.675,42296.95,-0.4876727174207596,0.9482525060959128,2.898943375778915,4.063939311839607,5.012191817935509,5.012191817935509,5.012191817935509,5.012191817935509,3.772,3.587,3.772,3.587
24,2021-08-20,3.696,3.705,3.705,3.696,7902.92,0.37786774628880526,0.8097165991902902,2.132253711201084,3.724696356275301,4.993252361673404,4.993252361673404,4.993252361673404,4.993252361673404,3.772,3.587,3.772,3.587
25,2021-08-23,3.678,3.699,3.702,3.677,49839.19,-0.16220600162206616,0.7569613409029474,1.1354420113544152,3.325223033252225,5.0013517166801735,5.0013517166801735,5.0013517166801735,5.0013517166801735,3.772,3.587,3.772,3.587
26,2021-08-24,3.702,3.724,3.728,3.702,27951.5,0.671321160042974,1.3694951664876518,1.423200859291095,3.7862513426423203,4.967776584317927,4.967776584317927,4.967776584317927,4.967776584317927,3.772,3.587,3.772,3.587
27,2021-08-25,3.719,3.705,3.719,3.702,54279.91,-0.5128205128205163,0.7017543859649189,1.4304993252361775,3.8056680161943324,4.993252361673404,4.993252361673404,4.993252361673404,4.993252361673404,3.772,3.587,3.772,3.587
28,2021-08-26,3.693,3.69,3.698,3.69,126727.0,-0.40650406504065373,0.7859078590785884,1.4363143631436417,3.387533875338754,5.013550135501345,5.013550135501345,5.013550135501345,5.013550135501345,3.772,3.587,3.772,3.587
29,2021-08-27,3.699,3.729,3.729,3.699,12309.52,1.0458567980691913,1.0458567980691913,1.3944757307589177,2.6280504156610434,4.961115580584597,4.961115580584597,4.961115580584597,4.961115580584597,3.772,3.587,3.772,3.587
30,2021-08-30,3.75,3.736,3.75,3.735,30246.95,0.18736616702355774,1.3650963597430448,1.9539614561027825,2.1948608137044925,4.577087794432543,4.951820128479647,4.951820128479647,4.951820128479647,3.772,3.587,3.772,3.587
31,2021-08-31,3.733,3.731,3.739,3.729,118862.92,-0.1340123291342894,0.562851782363975,1.6081479496113655,2.0101849370142104,4.3688019297775345,4.958456177968363,4.958456177968363,4.958456177968363,3.772,3.587,3.772,3.587
32,2021-09-01,3.713,3.733,3.733,3.713,19533.55,0.05357621216180615,0.6964907581033968,1.607286364854006,2.0091079560675107,4.366461291186708,4.955799624966504,4.955799624966504,4.955799624966504,3.772,3.587,3.772,3.587
33,2021-09-02,3.731,3.731,3.732,3.725,15150.22,-0.05360493165371814,0.536049316537122,1.6081479496113655,2.0101849370142104,4.3688019297775345,4.958456177968363,4.958456177968363,4.958456177968363,3.772,3.587,3.772,3.587
34,2021-09-03,3.719,3.727,3.737,3.719,1271.96,-0.10732492621411333,0.4829621679635159,1.3683928092299478,1.9586799034075655,4.373490743225109,4.963777837402727,4.963777837402727,4.963777837402727,3.772,3.587,3.772,3.587
35,2021-09-06,3.733,3.752,3.755,3.733,6892.0,0.6663113006396566,0.9594882729211097,1.1194029850746219,2.078891257995732,4.4776119402985,4.930703624733465,4.930703624733465,4.930703624733465,3.772,3.587,3.772,3.587
36,2021-09-07,3.752,3.737,3.753,3.73,63659.15,-0.4013914905003928,0.6689858175006667,1.1238961734011188,1.7393631255017379,4.495584693604488,4.95049504950494,4.95049504950494,4.95049504950494,3.772,3.587,3.772,3.587
37,2021-09-08,3.7,3.692,3.717,3.692,16111.87,-1.2188515709642451,1.6522210184181998,1.7063921993499382,1.7605633802816885,4.550379198266514,5.010834236186338,5.010834236186338,5.010834236186338,3.772,3.587,3.772,3.587
38,2021-09-09,3.675,3.676,3.68,3.675,24353.09,-0.43525571273123,1.1425462459194846,2.1762785636561497,2.1762785636561497,4.134929270946673,5.032644178454832,5.032644178454832,5.032644178454832,3.772,3.587,3.772,3.587
39,2021-09-10,3.691,3.697,3.701,3.686,15028.63,0.5680281309169571,0.7032729239924329,2.163916689207467,2.163916689207467,3.3540708682715747,5.004057343792254,5.004057343792254,5.004057343792254,3.772,3.587,3.772,3.587
40,2021-09-13,3.674,3.679,3.688,3.674,25104.72,-0.489263386789895,0.7338950801848366,2.2016852405544975,2.2016852405544975,2.364773036151121,5.028540364229399,5.028540364229399,5.028540364229399,3.772,3.587,3.772,3.587
41,2021-09-14,3.687,3.686,3.687,3.682,18612.53,0.18990775908844593,0.37981551817689185,2.1432447097124303,2.197504069451979,2.197504069451979,5.018990775908834,5.018990775908834,5.018990775908834,3.772,3.587,3.772,3.587
42,2021-09-15,3.693,3.699,3.707,3.693,23509.98,0.351446336847794,0.6758583400919144,1.162476344958101,2.1897810218978093,2.1897810218978093,5.0013517166801735,5.0013517166801735,5.0013517166801735,3.772,3.587,3.772,3.587
43,2021-09-16,3.694,3.667,3.694,3.658,35147.19,-0.8726479410962649,1.3362421598036525,1.3362421598036525,2.64521407144805,2.64521407144805,5.044995909462766,5.044995909462766,5.044995909462766,3.772,3.587,3.772,3.587
44,2021-09-17,3.656,3.632,3.656,3.617,9234.35,-0.9636563876651899,2.120044052863435,2.4779735682819344,3.7995594713656358,3.7995594713656358,5.093612334801751,5.093612334801751,5.093612334801751,3.772,3.587,3.772,3.587
45,2021-09-22,3.647,3.679,3.681,3.647,15534.9,1.2775210655069233,1.7396031530307166,2.446316933949439,3.7510192987224764,3.7510192987224764,5.028540364229399,5.028540364229399,5.028540364229399,3.772,3.587,3.772,3.587
46,2021-09-23,3.674,3.643,3.674,3.64,23885.43,-0.9881965413121063,1.1254460609387846,2.4704913532802597,3.733186933845735,3.788086741696402,5.078232226187198,5.078232226187198,5.078232226187198,3.772,3.587,3.772,3.587
47,2021-09-24,3.614,3.621,3.626,3.611,35607.67,-0.6075669704501463,1.7398508699254274,2.651201325600653,2.9273681303507284,3.976801988400985,5.109085887876266,5.109085887876266,5.109085887876266,3.772,3.587,3.772,3.587
48,2021-09-27,3.628,3.63,3.634,3.627,5517.66,0.2479338842975178,0.6336088154269887,2.2865013774104614,2.644628099173544,3.966942148760322,5.096418732782358,5.096418732782358,5.096418732782358,3.772,3.587,3.772,3.587
49,2021-09-28,3.62,3.601,3.62,3.6,6014.98,-0.8053318522632578,0.9441821716189893,2.249375173562898,2.971396834212712,4.304359900027765,5.137461816162166,5.137461816162166,5.137461816162166,3.772,3.587,3.772,3.587
50,2021-09-29,3.6,3.596,3.6,3.591,15613.0,-0.13904338153503595,0.8064516129032233,2.5027808676306966,3.2258064516128933,4.560622914349269,5.14460511679643,5.14460511679643,5.14460511679643,3.772,3.587,3.772,3.587
51,2021-09-30,3.591,3.578,3.593,3.578,18662.62,-0.5030743432085031,0.6148686416992801,2.68306316377865,3.6053661263275574,4.946897708216882,5.422023476802682,5.422023476802682,5.422023476802682,3.772,3.578,3.772,3.578
52,2021-10-08,3.605,3.624,3.628,3.605,197070.0,1.2693156732891904,1.3796909492273806,1.545253863134659,3.5596026490066226,4.884105960264902,5.353200883002206,5.353200883002206,5.353200883002206,3.772,3.578,3.772,3.578
53,2021-10-11,3.623,3.606,3.624,3.606,5255.66,-0.49916805324459895,0.6378258458125383,1.5529672767609553,3.2168607875762643,4.908485856905159,5.379922351636161,5.379922351636161,5.379922351636161,3.772,3.578,3.772,3.578
54,2021-10-12,3.62,3.628,3.633,3.619,13244.7,0.6063947078280111,0.7442116868798273,1.5159867695700153,2.839029768467481,4.8787210584344,5.347298787210582,5.347298787210582,5.347298787210582,3.772,3.578,3.772,3.578
55,2021-10-13,3.627,3.626,3.629,3.621,7087.66,-0.05515719801434704,0.38610038610038033,1.5168229453943785,2.8405956977385607,4.881412024269169,5.350248207391063,5.350248207391063,5.350248207391063,3.772,3.578,3.772,3.578
56,2021-10-14,3.653,3.677,3.677,3.653,10875.89,1.3870002719608419,1.522980690780529,2.6924122926298666,2.6924122926298666,4.7593146586891555,5.27604025020397,5.27604025020397,5.27604025020397,3.772,3.578,3.772,3.578
57,2021-10-15,3.682,3.664,3.682,3.664,6947.69,-0.3548034934497789,0.791484716157203,2.1015283842794745,2.8384279475982557,3.7936681222707485,5.294759825327509,5.294759825327509,5.294759825327509,3.772,3.578,3.772,3.578
58,2021-10-18,3.662,3.616,3.662,3.61,28748.96,-1.3274336283185852,1.9911504424778779,2.1017699115044266,2.876106194690268,3.5674778761061945,5.365044247787609,5.365044247787609,5.365044247787609,3.772,3.578,3.772,3.578
59,2021-10-19,3.618,3.622,3.622,3.618,36210.32,0.16565433462174997,1.4356709000552195,1.987852015461073,2.871341800110439,3.561568194367753,5.356156819436774,5.356156819436774,5.356156819436774,3.772,3.578,3.772,3.578
60,2021-10-20,3.617,3.608,3.617,3.599,17457.64,-0.3880266075387968,0.6374722838137385,2.300443458980037,2.882483370288251,3.5753880266075386,5.376940133037692,5.376940133037692,5.376940133037692,3.772,3.578,3.772,3.578
61,2021-10-21,3.63,3.629,3.632,3.624,18731.68,0.5786718104160901,0.9093414163681433,2.2871314411683588,2.865803251584461,3.554698263984569,5.345825296224854,5.345825296224854,5.345825296224854,3.772,3.578,3.772,3.578
62,2021-10-22,3.632,3.643,3.644,3.63,5923.56,0.3842986549547019,0.5489980785067257,2.278342025802903,2.278342025802903,3.541037606368378,5.325281361515233,5.325281361515233,5.325281361515233,3.772,3.578,3.772,3.578
63,2021-10-25,3.634,3.635,3.642,3.633,29752.47,-0.22008253094910613,0.3851444291609418,1.7331499312242018,2.283356258596967,3.191196698762039,5.337001375515817,5.337001375515817,5.337001375515817,3.772,3.578,3.772,3.578
64,2021-10-26,3.646,3.647,3.651,3.644,17923.58,0.3290375651220184,0.49355634768302153,1.4258294488620677,2.275843158760618,2.8516588977241595,5.319440636139292,5.319440636139292,5.319440636139292,3.772,3.578,3.772,3.578
65,2021-10-27,3.642,3.616,3.642,3.607,30853.0,-0.8573008849557436,1.216814159292024,1.4380530973451215,2.295353982300878,2.876106194690268,5.365044247787609,5.365044247787609,5.365044247787609,3.772,3.578,3.772,3.578
66,2021-10-28,3.621,3.653,3.654,3.621,51612.7,1.0128661374212955,1.2866137421297485,1.2866137421297485,2.272105119080201,2.8469750889679744,5.3107035313441,5.3107035313441,5.3107035313441,3.772,3.578,3.772,3.578
67,2021-10-29,3.653,3.633,3.653,3.633,27657.32,-0.5505092210294527,0.9083402146985939,1.2936966694192047,2.2846132672722197,2.8626479493531543,5.339939443985686,5.339939443985686,5.339939443985686,3.772,3.578,3.772,3.578
68,2021-11-01,3.62,3.622,3.635,3.62,33079.66,-0.30369961347322255,0.9110988404196554,1.2976256212037467,1.7393705135284296,2.871341800110439,5.356156819436774,5.356156819436774,5.356156819436774,3.772,3.578,3.772,3.578
69,2021-11-02,3.631,3.642,3.644,3.631,48491.89,0.549148819330039,0.6589785831960467,1.2904997254255823,1.510159253157598,2.8555738605162024,5.326743547501372,5.326743547501372,5.326743547501372,3.772,3.578,3.772,3.578
70,2021-11-03,3.637,3.606,3.637,3.604,43097.26,-0.9983361064891856,1.1092623405435396,1.3865779256794184,1.5252357182473577,2.884082085413203,4.991680532445928,5.379922351636161,5.379922351636161,3.772,3.578,3.772,3.578
71,2021-11-04,3.604,3.594,3.604,3.589,59632.32,-0.33388981636060133,1.3355592654424053,1.8085698386199205,1.8085698386199205,2.8937117417918783,4.9248747913188655,5.397885364496382,5.397885364496382,3.772,3.578,3.772,3.578
72,2021-11-05,3.625,3.644,3.644,3.625,10417.0,1.3721185510428173,1.5093304061470956,1.7563117453347983,1.7837541163556518,2.5521405049396257,4.857299670691549,5.323819978046101,5.323819978046101,3.772,3.578,3.772,3.578
73,2021-11-08,3.67,3.68,3.69,3.67,8028.87,0.9782608695652182,1.7663043478260854,2.7445652173913038,2.7445652173913038,2.7445652173913038,4.809782608695653,5.271739130434781,5.271739130434781,3.772,3.578,3.772,3.578
74,2021-11-09,3.691,3.696,3.696,3.686,27422.26,0.43290043290043323,0.7034632034632101,2.89502164502165,2.89502164502165,2.89502164502165,4.78896103896104,5.248917748917748,5.248917748917748,3.772,3.578,3.772,3.578
75,2021-11-10,3.698,3.69,3.7,3.689,13538.27,-0.16260162601626632,0.3794037940379468,3.0081300813008185,3.0081300813008185,3.0081300813008185,4.796747967479676,5.257452574525744,5.257452574525744,3.772,3.578,3.772,3.578
76,2021-11-11,3.726,3.747,3.758,3.726,27784.05,1.5212169735788614,1.841473178542833,4.510274886575929,4.510274886575929,4.510274886575929,4.8038430744595715,5.1774753135842,5.1774753135842,3.772,3.578,3.772,3.578
77,2021-11-12,3.754,3.749,3.756,3.746,33523.99,0.05334755934916575,0.8535609495865573,3.5476126967191255,4.507868765004002,4.507868765004002,4.801280341424384,5.174713256868497,5.174713256868497,3.772,3.578,3.772,3.578
78,2021-11-15,3.746,3.739,3.748,3.734,32176.9,-0.2674511901578024,0.5883926183471462,2.3535704733886087,4.519925113666757,4.519925113666757,4.814121422840336,5.188553089061245,5.188553089061245,3.772,3.578,3.772,3.578
79,2021-11-16,3.744,3.755,3.764,3.744,31156.16,0.4260985352862854,0.7989347536617791,2.077230359520635,4.660452729693737,4.660452729693737,4.953395472703061,5.166444740346203,5.166444740346203,3.772,3.578,3.772,3.578
80,2021-11-17,3.75,3.745,3.75,3.737,15238.06,-0.2670226969292333,0.720961281708937,2.0026702269692853,4.672897196261677,4.672897196261677,4.966622162883843,5.1802403204272345,5.1802403204272345,3.772,3.578,3.772,3.578
81,2021-11-18,3.763,3.758,3.769,3.758,28212.16,0.34592868547099254,0.8515167642362967,1.1442256519425267,4.789781798829169,4.789781798829169,5.082490686535398,5.162320383182543,5.162320383182543,3.772,3.578,3.772,3.578
82,2021-11-19,3.758,3.752,3.762,3.752,14449.83,-0.15991471215352418,0.4530916844349774,0.9328358208955263,3.837953091684439,4.7974413646055485,5.090618336887001,5.170575692963752,5.170575692963752,3.772,3.578,3.772,3.578
83,2021-11-22,3.726,3.72,3.739,3.72,23659.86,-0.8602150537634295,1.1290322580645111,1.317204301075267,2.6612903225806503,4.8387096774193585,5.134408602150545,5.215053763440858,5.215053763440858,3.772,3.578,3.772,3.578
84,2021-11-23,3.703,3.649,3.703,3.648,12781.0,-1.9457385585091853,2.493833927103309,3.3159769799945193,3.3159769799945193,4.932858317347223,5.234310770074001,5.316525075363112,5.316525075363112,3.772,3.578,3.772,3.578
85,2021-11-24,3.627,3.635,3.639,3.627,11041.0,-0.3851444291609418,2.090784044016508,3.90646492434664,3.90646492434664,4.951856946354888,5.254470426409911,5.337001375515817,5.337001375515817,3.772,3.578,3.772,3.578
86,2021-11-25,3.633,3.635,3.638,3.632,923.0,0.0,0.3301237964236592,3.90646492434664,3.90646492434664,4.951856946354888,5.254470426409911,5.337001375515817,5.337001375515817,3.772,3.578,3.772,3.578
87,2021-11-26,3.635,3.653,3.653,3.631,3109.57,0.49274568847523237,0.602244730358616,3.6955926635642005,3.887215986860124,4.927456884752263,5.22857924993157,5.3107035313441,5.3107035313441,3.772,3.578,3.772,3.578
88,2021-11-29,3.64,3.64,3.643,3.635,7009.66,-0.3571428571428544,0.604395604395611,3.0769230769230793,3.9010989010989108,4.945054945054949,5.247252747252755,5.3296703296703285,5.3296703296703285,3.772,3.578,3.772,3.578
89,2021-11-30,3.635,3.626,3.635,3.615,13290.53,-0.38610038610039255,0.7722007722007607,2.4269167126309883,4.247104247104245,4.964147821290683,5.267512410369561,5.350248207391063,5.350248207391063,3.772,3.578,3.772,3.578
90,2021-12-01,3.59,3.615,3.618,3.587,21711.32,-0.3042876901797974,1.3278008298755075,1.8257261410788335,5.03457814661134,5.03457814661134,5.283540802213009,5.36652835408022,5.36652835408022,3.772,3.578,3.772,3.578
91,2021-12-02,3.61,3.596,3.61,3.592,3507.0,-0.5283648498331515,0.8620689655172329,1.8353726362625093,5.0611790878754155,5.0611790878754155,5.311457174638495,5.394883203559509,5.394883203559509,3.772,3.578,3.772,3.578
92,2021-12-03,3.584,3.587,3.594,3.584,4892.86,-0.25090604962363805,0.7248396989127348,1.923613047114579,4.962364092556451,5.1575132422637315,5.324783942012832,5.40841929188737,5.40841929188737,3.772,3.578,3.772,3.578
93,2021-12-06,3.611,3.611,3.612,3.605,5063.66,0.6646358349487682,0.7754084741068963,1.6338964275823793,4.292439767377452,5.123234561063419,5.289393519800617,5.3724729991692035,5.3724729991692035,3.772,3.578,3.772,3.578
94,2021-12-07,3.616,3.606,3.616,3.602,1865.3,-0.1386577925679517,0.388241819190245,1.4143094841930037,3.3000554631170207,5.130338325013867,5.296727676095404,5.379922351636161,5.379922351636161,3.772,3.578,3.772,3.578
95,2021-12-08,3.61,3.611,3.614,3.61,2105.0,0.13846579894766928,0.38770423705345425,0.9415674328440822,1.9108280254777055,5.123234561063419,5.289393519800617,5.3724729991692035,5.3724729991692035,3.772,3.578,3.772,3.578
96,2021-12-09,3.599,3.596,3.6,3.594,2720.21,-0.41713014460512027,0.5561735261401561,0.8898776418242499,1.9187986651835358,5.144605116796442,5.311457174638495,5.394883203559509,5.394883203559509,3.772,3.578,3.772,3.578
97,2021-12-10,3.601,3.583,3.601,3.581,2433.21,-0.3628244487859308,0.5581914596706675,0.9768350544236711,2.0094892548144028,5.246999720904275,5.330728439854878,5.414457158805468,5.414457158805468,3.772,3.578,3.772,3.578
98,2021-12-13,3.591,3.607,3.613,3.591,3705.66,0.6653728860548938,0.8871638480731917,0.9703354588300566,1.7188799556418028,5.212087607430002,5.2952592181868665,5.378430828943719,5.378430828943719,3.772,3.578,3.772,3.578
99,2021-12-14,3.61,3.61,3.613,3.608,163.91,0.0831024930747831,0.6094182825484709,0.9695290858725801,1.4958448753462554,5.207756232686985,5.2908587257617805,5.373961218836564,5.373961218836564,3.772,3.578,3.772,3.578
100,2021-12-15,3.582,3.572,3.585,3.571,8136.04,-1.0638297872340374,1.1758118701007787,1.203807390817461,1.3157894736842024,5.543113101903694,5.543113101903694,5.62709966405374,5.62709966405374,3.772,3.571,3.772,3.571
101,2021-12-16,3.577,3.607,3.607,3.577,3965.83,0.9703354588300566,0.9980593290823406,1.164402550596058,1.2475741613529228,5.489326309952868,5.489326309952868,5.57249792070972,5.57249792070972,3.772,3.571,3.772,3.571
102,2021-12-17,3.636,3.648,3.648,3.636,5027.32,1.1239035087719278,1.946271929824566,2.1107456140350864,2.1107456140350864,5.235745614035083,5.427631578947367,5.509868421052621,5.509868421052621,3.772,3.571,3.772,3.571
103,2021-12-20,3.644,3.645,3.647,3.642,1951.03,-0.08230452674897432,0.32921810699588505,2.1124828532235926,2.1124828532235926,4.609053497942379,5.432098765432097,5.5144032921810595,5.5144032921810595,3.772,3.571,3.772,3.571
104,2021-12-21,3.622,3.625,3.625,3.617,93.0,-0.5517241379310349,0.8275862068965464,2.1241379310344817,2.1241379310344817,3.641379310344819,5.46206896551724,5.544827586206886,5.544827586206886,3.772,3.571,3.772,3.571
105,2021-12-22,3.618,3.613,3.618,3.613,45.0,-0.33213396069748163,0.33213396069748163,2.1311929144755037,2.1311929144755037,2.2695820647661185,5.480210351508441,5.563243841682802,5.563243841682802,3.772,3.571,3.772,3.571
106,2021-12-23,3.63,3.648,3.651,3.63,542.64,0.9594298245614074,1.0416666666666614,2.02850877192982,2.192982456140341,2.2478070175438556,5.427631578947367,5.509868421052621,5.509868421052621,3.772,3.571,3.772,3.571
107,2021-12-24,3.643,3.653,3.654,3.643,3371.0,0.1368738023542265,0.6569942513003018,1.1223651793046792,2.272105119080201,2.272105119080201,5.420202573227483,5.502326854640011,5.502326854640011,3.772,3.571,3.772,3.571
108,2021-12-27,3.653,3.649,3.653,3.649,251.0,-0.10961907371882718,0.3014524527267778,1.1235955056179754,2.274595779665655,2.274595779665655,5.4261441490819395,5.50835845437105,5.50835845437105,3.772,3.571,3.772,3.571
109,2021-12-28,3.648,3.657,3.657,3.647,4502.66,0.21875854525567423,0.2734481815695989,1.2031719989062084,2.351654361498492,2.351654361498492,5.414273995077931,5.4963084495488,5.4963084495488,3.772,3.571,3.772,3.571
110,2021-12-29,3.652,3.642,3.652,3.633,1682.64,-0.4118616144975323,0.6589785831960467,1.2081274025260857,2.3613399231191616,2.3613399231191616,5.436573311367379,5.518945634266876,5.518945634266876,3.772,3.571,3.772,3.571
111,2021-12-30,3.636,3.627,3.636,3.627,33.0,-0.4135649296939654,0.6892748828232798,0.8271298593879308,2.205679625034466,2.3711055969120447,5.459057071960297,5.54177005789908,5.54177005789908,3.772,3.571,3.772,3.571
112,2021-12-31,3.635,3.661,3.663,3.635,6361.66,0.9287080032777999,0.9833378858235464,0.9833378858235464,1.3657470636438083,2.512974597104606,5.4083583720294985,5.490303195848119,5.490303195848119,3.772,3.571,3.772,3.571
113,2022-01-04,3.656,3.634,3.656,3.633,6120.66,-0.7429829389102954,0.8255365987892076,0.9906439185470566,1.37589433131535,2.5316455696202436,5.4485415520088045,5.531095211887717,5.531095211887717,3.772,3.571,3.772,3.571
114,2022-01-05,3.651,3.647,3.654,3.647,10443.98,0.35645736221551694,0.6306553331505383,0.9871126953660553,1.3709898546750705,2.522621332602129,5.429119824513298,5.511379215793792,5.511379215793792,3.772,3.571,3.772,3.571
115,2022-01-06,3.642,3.619,3.642,3.615,15180.21,-0.7736943907156557,1.077645758496814,1.326333241226847,1.3815971262779723,2.542138712351468,5.471124620060789,5.554020447637458,5.554020447637458,3.772,3.571,3.772,3.571
116,2022-01-07,3.608,3.606,3.62,3.6,4705.66,-0.3605102606766596,1.1647254575707104,1.7470881863560657,1.7470881863560657,2.551303383250129,5.4908485856905145,5.574043261231271,5.574043261231271,3.772,3.571,3.772,3.571
117,2022-01-10,3.61,3.607,3.612,3.607,1631.0,0.02772387025229648,0.5544774050457448,1.7466038258940872,1.7466038258940872,2.5505960632104143,5.489326309952868,5.57249792070972,5.57249792070972,3.772,3.571,3.772,3.571
118,2022-01-11,3.621,3.636,3.64,3.621,195.0,0.7975797579757952,0.9075907590759054,1.5401540154015414,1.7326732673267249,2.53025302530252,5.445544554455444,5.528052805280518,5.528052805280518,3.772,3.571,3.772,3.571
119,2022-01-12,3.641,3.658,3.658,3.641,12334.57,0.6014215418261291,1.011481683980315,1.585565882996168,1.7222525970475595,2.5150355385456438,5.4127938764352095,5.494805904866037,5.494805904866037,3.772,3.571,3.772,3.571
120,2022-01-13,3.664,3.666,3.67,3.664,14161.0,0.2182214948172397,0.7910529187124908,1.9094380796508412,1.9094380796508412,2.7004909983633323,5.400981996726677,5.4828150572831325,5.4828150572831325,3.772,3.571,3.772,3.571
121,2022-01-14,3.66,3.663,3.666,3.66,7682.09,-0.081900081900085,0.2730002730002672,1.9110019110019065,1.9110019110019065,2.5389025389025384,5.405405405405404,5.487305487305477,5.487305487305477,3.772,3.571,3.772,3.571
122,2022-01-17,3.645,3.645,3.648,3.642,4620.6,-0.4938271604938215,0.6584362139917701,1.7283950617283876,1.9204389574759901,1.9204389574759901,5.432098765432097,5.5144032921810595,5.5144032921810595,3.772,3.571,3.772,3.571
123,2022-01-18,3.649,3.64,3.649,3.638,6224.0,-0.13736263736263443,0.3021978021978055,1.3461538461538443,1.9230769230769187,1.9230769230769187,5.439560439560438,5.521978021978011,5.521978021978011,3.772,3.571,3.772,3.571
124,2022-01-19,3.639,3.636,3.639,3.635,2433.76,-0.11001100110011011,0.3850385038503915,0.9625962596259665,1.9251925192519208,1.9251925192519208,5.445544554455444,5.528052805280518,5.528052805280518,3.772,3.571,3.772,3.571
125,2022-01-20,3.668,3.686,3.692,3.668,5860.37,1.3564839934888722,1.54639175257733,1.54639175257733,2.4959305480195355,2.4959305480195355,5.371676614215951,5.453065653825274,5.453065653825274,3.772,3.571,3.772,3.571
126,2022-01-21,3.681,3.686,3.69,3.68,7650.32,0.0,0.6511123168746614,1.54639175257733,2.4959305480195355,2.4959305480195355,5.371676614215951,5.453065653825274,5.453065653825274,3.772,3.571,3.772,3.571
127,2022-01-24,3.672,3.675,3.679,3.671,3582.85,-0.2993197278911598,0.5170068027210919,1.5510204081632757,2.3129251700680262,2.50340136054422,5.387755102040815,5.469387755102031,5.469387755102031,3.772,3.571,3.772,3.571
128,2022-01-25,3.681,3.684,3.684,3.681,1534.0,0.24429967426711025,0.3528773072747108,1.5472312703583166,1.9272529858849123,2.497285559174812,5.3745928338762194,5.456026058631911,5.456026058631911,3.772,3.571,3.772,3.571
129,2022-01-26,3.689,3.688,3.691,3.685,723.12,0.10845986984815627,0.2711496746203847,1.545553145336236,1.545553145336236,2.4945770065075945,5.368763557483729,5.4501084598698375,5.4501084598698375,3.772,3.571,3.772,3.571
130,2022-01-27,3.667,3.622,3.667,3.622,1046.0,-1.8221976808393232,1.9050248481501921,1.9326339039204938,1.9326339039204938,2.5400331308669264,5.466593042517945,5.466593042517945,5.5494202098288135,3.772,3.571,3.772,3.571
131,2022-01-28,3.617,3.608,3.617,3.604,9859.27,-0.3880266075387968,1.7461197339246042,2.4113082039911236,2.4390243902439046,2.549889135254991,5.487804878048779,5.487804878048779,5.570953436807085,3.772,3.571,3.772,3.571
132,2022-02-07,3.613,3.632,3.636,3.613,3728.32,0.6607929515418508,0.8810572687224677,2.3953744493392,2.4229074889867865,2.5330396475770947,5.451541850220263,5.451541850220263,5.534140969162985,3.772,3.571,3.772,3.571
133,2022-02-08,3.635,3.653,3.657,3.635,3056.61,0.574869969887761,1.2044894607172199,2.3816041609635845,2.4089789214344397,2.518477963317823,5.420202573227483,5.420202573227483,5.502326854640011,3.772,3.571,3.772,3.571
134,2022-02-09,3.665,3.667,3.672,3.665,5606.66,0.3817834742296098,1.0089991818925652,2.3725115898554607,2.399781838014728,2.5088628306517613,5.399509135533132,5.399509135533132,5.481319880010898,3.772,3.571,3.772,3.571
135,2022-02-10,3.678,3.677,3.678,3.676,2894.06,0.27196083763938617,0.3535490889311912,2.012510198531407,2.3932553712265454,2.5020397062822974,5.384824585259721,5.384824585259721,5.466412836551527,3.772,3.571,3.772,3.571
136,2022-02-11,3.66,3.656,3.66,3.655,1164.0,-0.5743982494529515,0.6291028446389533,2.0240700218818337,2.3796498905908026,2.516411378555801,5.415754923413566,5.415754923413566,5.4978118161925495,3.772,3.571,3.772,3.571
137,2022-02-14,3.7,3.715,3.729,3.7,3058.59,1.5881561238223343,1.9919246298788773,3.1224764468371498,3.3647375504710633,3.3647375504710633,5.329744279946163,5.329744279946163,5.41049798115746,3.772,3.571,3.772,3.571
138,2022-02-15,3.719,3.753,3.756,3.719,17022.64,1.0125233146815948,1.4921396216360139,3.224087396749267,4.050093258726344,4.050093258726344,5.275779376498799,5.275779376498799,5.355715427657864,3.772,3.571,3.772,3.571
139,2022-02-16,3.716,3.699,3.716,3.691,3442.97,-1.4598540145985475,1.7572316842389821,2.730467693971343,4.109218707758846,4.109218707758846,5.352798053527979,5.352798053527979,5.4339010543390005,3.772,3.571,3.772,3.571
140,2022-02-17,3.717,3.735,3.739,3.717,70210.61,0.963855421686748,1.2851405622489973,2.704149933065595,4.069611780455146,4.069611780455146,5.301204819277108,5.301204819277108,5.381526104417661,3.772,3.571,3.772,3.571
141,2022-02-18,3.756,3.765,3.776,3.756,10684.9,0.7968127490039907,1.567065073041161,3.213811420982735,4.568393094289501,4.568393094289501,5.444887118193881,5.444887118193881,5.444887118193881,3.776,3.571,3.776,3.571
142,2022-02-21,3.767,3.76,3.771,3.76,10083.5,-0.13297872340426428,0.5319148936170218,2.2606382978723394,4.335106382978719,4.574468085106376,5.452127659574459,5.452127659574459,5.452127659574459,3.776,3.571,3.776,3.571
143,2022-02-22,3.799,3.803,3.809,3.797,5012.04,1.1306863002892493,1.288456481724964,3.102813568235612,4.575335261635561,5.390481199053381,6.258217196949777,6.258217196949777,6.258217196949777,3.809,3.571,3.809,3.571
144,2022-02-23,3.777,3.775,3.785,3.769,12648.22,-0.7417218543046364,1.0596026490066235,3.125827814569545,4.079470198675506,5.430463576158942,6.304635761589404,6.304635761589404,6.304635761589404,3.809,3.571,3.809,3.571
145,2022-02-24,3.801,3.852,3.865,3.798,125126.22,1.9989615784008299,2.492211838006233,3.842159916926276,5.45171339563864,6.775700934579443,7.632398753894082,7.632398753894082,7.632398753894082,3.865,3.571,3.865,3.571
146,2022-02-25,3.814,3.805,3.814,3.788,21338.88,-1.235216819973711,2.0236530880420602,2.864651773981614,5.519053876478329,6.859395532194484,7.726675427069646,7.726675427069646,7.726675427069646,3.865,3.571,3.865,3.571
147,2022-02-28,3.794,3.786,3.801,3.783,27458.6,-0.5018489170628666,0.818806127839412,2.7733755942947815,4.5958795562599155,6.8938193343898595,7.765451664025358,7.765451664025358,7.765451664025358,3.865,3.571,3.865,3.571
148,2022-03-01,3.776,3.785,3.785,3.773,7568.88,-0.026420079260234867,0.7397622192866585,2.536327608982829,4.597093791281384,6.8956406869220634,7.767503302509908,7.767503302509908,7.767503302509908,3.865,3.571,3.865,3.571
149,2022-03-02,3.815,3.841,3.852,3.815,82628.24,1.4579536579015893,2.0567560531111617,2.499349127831296,4.53007029419423,6.795105441291333,7.654256703983338,7.654256703983338,7.654256703983338,3.865,3.571,3.865,3.571
150,2022-03-03,3.832,3.83,3.839,3.817,16549.32,-0.287206266318541,0.9660574412532618,2.4020887728459552,3.864229765013058,6.814621409921674,7.676240208877286,7.676240208877286,7.676240208877286,3.865,3.571,3.865,3.571
151,2022-03-04,3.841,3.843,3.858,3.836,30079.76,0.33827738745771274,1.0668748373666386,2.2118136872235223,2.8363257871454706,6.791569086651057,7.650273224043717,7.650273224043717,7.650273224043717,3.865,3.571,3.865,3.571
152,2022-03-07,3.915,3.925,3.956,3.915,42961.74,2.0891719745222894,3.057324840764334,4.662420382165601,4.993630573248412,8.738853503184712,9.808917197452224,9.808917197452224,9.808917197452224,3.956,3.571,3.956,3.571
153,2022-03-08,3.925,4.003,4.004,3.925,37067.32,1.9485385960529673,2.2233325006245197,5.770671996002983,5.870597052210828,9.218086435173614,10.81688733449911,10.81688733449911,10.81688733449911,4.004,3.571,4.004,3.571
154,2022-03-09,4.028,4.072,4.084,4.028,44653.74,1.6944990176817276,3.9047151277013707,6.606090373280934,7.73575638506875,10.53536345776031,12.598231827111972,12.598231827111972,12.598231827111972,4.084,3.571,4.084,3.571
155,2022-03-10,3.935,3.94,3.945,3.868,19280.23,-3.350253807106602,5.482233502538065,6.77664974619288,7.893401015228414,10.888324873096442,13.020304568527905,13.020304568527905,13.020304568527905,4.084,3.571,4.084,3.571
156,2022-03-11,3.94,3.941,3.962,3.935,15075.46,0.025374270489720626,2.385181426034009,6.292819081451404,7.891398122303972,10.885562040091342,13.0170007612281,13.0170007612281,13.0170007612281,4.084,3.571,4.084,3.571
157,2022-03-14,3.934,3.925,3.934,3.92,5408.87,-0.40764331210191124,1.0700636942675226,5.5031847133757905,7.923566878980879,10.01273885350318,13.070063694267503,13.070063694267503,13.070063694267503,4.084,3.571,4.084,3.571
158,2022-03-15,3.915,3.845,3.915,3.835,11398.69,-2.0806241872561673,2.574772431729524,6.475942782834841,8.088426527958374,10.221066319895963,13.34200260078022,13.34200260078022,13.34200260078022,4.084,3.571,4.084,3.571
159,2022-03-16,3.834,3.805,3.834,3.803,20804.8,-1.0512483574244424,2.943495400788439,7.385019710906693,7.385019710906693,10.32851511169513,13.482260183968448,13.482260183968448,13.482260183968448,4.084,3.571,4.084,3.571
160,2022-03-17,3.808,3.853,3.856,3.808,10326.24,1.2457825071372968,1.3755515182974287,4.126654554892298,7.293018427199577,9.525045419153894,13.31430054502983,13.31430054502983,13.31430054502983,4.084,3.571,4.084,3.571
161,2022-03-18,3.844,3.85,3.866,3.844,14945.03,-0.07792207792208088,1.5064935064935134,4.129870129870136,7.298701298701291,8.519480519480515,13.16883116883116,13.324675324675312,13.324675324675312,4.084,3.571,4.084,3.571
162,2022-03-21,3.848,3.841,3.853,3.841,30103.11,-0.2343139807341811,0.6508721687060638,3.4105701640197923,7.315803176256175,8.435303306430612,12.600885186149426,13.355896901848464,13.355896901848464,4.084,3.571,4.084,3.571
163,2022-03-22,3.842,3.869,3.873,3.842,26061.56,0.7237012147841826,0.8270871026104943,2.8948048591367304,7.262858619798389,8.141638666322033,12.509692426983705,13.259240113724463,13.259240113724463,4.084,3.571,4.084,3.571
164,2022-03-23,3.843,3.842,3.851,3.84,35308.12,-0.7027589796980773,0.8589276418532108,1.8219677251431619,7.313899010931799,8.198854763144183,12.597605413846944,13.35242061426339,13.35242061426339,4.084,3.571,4.084,3.571
165,2022-03-24,3.877,3.883,3.895,3.877,24700.84,1.0558846252897225,1.416430594900854,2.2405356682977127,4.094772083440645,8.009271182075702,12.464589235127468,13.211434457893368,13.211434457893368,4.084,3.571,4.084,3.571
166,2022-03-25,3.901,3.906,3.925,3.901,22548.66,0.5888376856118825,1.228878648233488,2.1761392729134656,4.070660522273432,7.9621095750127875,12.391193036354315,13.133640552995377,13.133640552995377,4.084,3.571,4.084,3.571
167,2022-03-28,3.904,3.875,3.904,3.873,23545.74,-0.8000000000000037,1.3419354838709576,2.1935483870967736,3.3806451612903285,8.02580645161289,12.490322580645149,13.238709677419342,13.238709677419342,4.084,3.571,4.084,3.571
168,2022-03-29,3.853,3.85,3.857,3.844,43670.0,-0.649350649350647,1.5584415584415598,2.207792207792207,3.1688311688311663,8.077922077922064,12.571428571428559,13.324675324675312,13.324675324675312,4.084,3.571,4.084,3.571
169,2022-03-30,3.841,3.842,3.847,3.84,7078.53,-0.20822488287350355,0.4424778761062037,2.2123893805309724,3.1754294638209237,7.313899010931799,12.597605413846944,13.35242061426339,13.35242061426339,4.084,3.571,4.084,3.571
170,2022-03-31,3.838,3.837,3.842,3.823,5766.08,-0.13031013812874365,0.6254886630179833,2.658326817826423,3.049257232212666,7.32342976283554,12.614021370862641,13.369820172009367,13.369820172009367,4.084,3.571,4.084,3.571
171,2022-04-01,3.858,3.857,3.863,3.855,4549.0,0.5185377236193938,1.0370754472387875,2.6445423904589025,2.6445423904589025,7.285455016852467,12.548612911589304,13.300492610837425,13.300492610837425,4.084,3.571,4.084,3.571
172,2022-04-06,3.852,3.839,3.853,3.839,7610.0,-0.4688721021099307,0.6251628028132332,2.109924459494659,2.656941911956235,7.319614482938257,12.607449856733513,13.362854910132832,13.362854910132832,4.084,3.571,4.084,3.571
173,2022-04-07,3.84,3.841,3.842,3.832,5313.0,0.05206977349649112,0.5467326217131047,1.0413954699297066,2.6555584483207464,7.315803176256175,12.600885186149426,13.355896901848464,13.355896901848464,4.084,3.571,4.084,3.571
174,2022-04-08,3.846,3.853,3.863,3.846,5119.0,0.3114456267843242,0.8045678691928402,1.0381520892810807,2.6472878276667497,7.293018427199577,12.56164028030105,13.31430054502983,13.31430054502983,4.084,3.571,4.084,3.571
175,2022-04-11,3.883,3.885,3.891,3.879,42347.0,0.8236808236808131,1.1583011583011564,1.750321750321752,2.625482625482622,4.0926640926641,12.458172458172447,13.204633204633193,13.204633204633193,4.084,3.571,4.084,3.571
176,2022-04-12,3.903,3.907,3.914,3.903,4443.0,0.5630918863578255,0.895828001023807,2.0987970309700614,2.610698745840795,4.069618633222428,12.388021499872012,13.13027898643459,13.13027898643459,4.084,3.571,4.084,3.571
177,2022-04-13,3.913,3.925,3.929,3.913,66347.0,0.4585987261146445,0.6624203821656001,2.471337579617834,2.700636942675156,3.3375796178344004,12.229299363057313,13.070063694267503,13.070063694267503,4.084,3.571,4.084,3.571
178,2022-04-14,3.91,3.933,3.946,3.91,32318.0,0.20340706839562694,0.9153318077803212,2.8985507246376896,3.127383676582767,3.635901347571834,12.204424103737594,13.04347826086955,13.04347826086955,4.084,3.571,4.084,3.571
179,2022-04-15,3.943,3.945,3.947,3.935,15261.0,0.3041825095057037,0.937896070975917,2.56020278833967,3.143219264892272,3.6501901140684447,12.167300380228125,13.00380228136881,13.00380228136881,4.084,3.571,4.084,3.571
180,2022-04-18,3.973,3.965,3.973,3.949,23241.0,0.504413619167718,0.9583858764186586,2.370744010088269,3.7831021437578793,4.161412358133671,12.10592686002521,12.938209331651942,12.938209331651942,4.084,3.571,4.084,3.571
181,2022-04-19,3.935,3.935,3.946,3.93,36106.0,-0.7623888182973266,1.0927573062261677,1.7789072426937698,3.583227445997459,3.811944091486656,12.198221092757294,13.036848792884356,13.036848792884356,4.084,3.571,4.084,3.571
182,2022-04-20,3.896,3.884,3.902,3.883,16627.0,-1.313079299691044,1.6220391349124657,2.3171987641606555,3.6302780638516996,3.8619979402677633,12.358393408856836,13.208032955715742,13.208032955715742,4.084,3.571,4.084,3.571
183,2022-04-21,3.889,3.935,3.935,3.889,4003.0,1.2960609911054677,1.321473951715376,2.287166454891991,3.583227445997459,3.811944091486656,12.198221092757294,13.036848792884356,13.036848792884356,4.084,3.571,4.084,3.571
184,2022-04-22,3.94,3.953,3.953,3.94,12270.0,0.4553503668100125,1.61902352643562,2.276751834050085,3.212749810270675,3.7945863900834786,12.142676448267126,12.97748545408549,12.97748545408549,4.084,3.571,4.084,3.571
185,2022-04-25,3.926,3.927,3.942,3.92,65123.0,-0.6620830150241864,0.8403361344537794,2.291825821237582,2.3936847466259197,3.819709702062641,12.223071046600447,13.063407181054226,13.063407181054226,4.084,3.571,4.084,3.571
186,2022-04-26,3.895,3.892,3.903,3.884,21958.0,-0.899280575539572,1.4902363823227203,1.7985611510791328,2.312435765673172,3.854059609455291,12.332990750256926,13.180883864337087,13.180883864337087,4.084,3.571,4.084,3.571
187,2022-04-27,3.893,3.891,3.909,3.891,18552.0,-0.025700334104340528,0.6425083526085816,1.7990233873040309,2.3130300693908987,3.855050115651501,12.3361603700848,13.184271395528127,13.184271395528127,4.084,3.571,4.084,3.571
188,2022-04-28,3.867,3.885,3.885,3.865,47298.0,-0.1544401544401603,1.1325611325611222,2.2651222651222556,2.7799227799227713,3.8610038610038586,12.355212355212345,13.204633204633193,13.204633204633193,4.084,3.571,4.084,3.571
189,2022-04-29,3.933,3.937,3.952,3.933,2125.0,1.3208026416052845,2.2098044196088327,2.2352044704089318,2.743205486410964,3.810007620015238,12.192024384048757,13.030226060452108,13.030226060452108,4.084,3.571,4.084,3.571
190,2022-05-05,3.923,3.925,3.934,3.923,22006.0,-0.30573248407643344,0.7388535031847112,2.216560509554134,2.751592356687889,3.821656050955412,12.229299363057313,13.070063694267503,13.070063694267503,4.084,3.571,4.084,3.571
191,2022-05-06,3.903,3.919,3.921,3.903,11428.0,-0.15310028068384238,0.7910181168665511,2.2199540699157883,2.2454707833630936,3.5978565960704265,12.248022454707822,13.090073998468984,13.090073998468984,4.084,3.571,4.084,3.571
192,2022-05-09,3.924,3.936,3.942,3.924,5919.0,0.43191056910568865,0.990853658536589,2.21036585365853,2.235772357723568,3.5823170731707323,11.966463414634138,13.033536585365841,13.033536585365841,4.084,3.571,4.084,3.571
193,2022-05-10,3.913,3.907,3.914,3.905,5000.0,-0.7422574865625778,0.9470181725108874,2.2267724596877336,2.2523675454312677,3.608907089838751,11.492193498848218,13.13027898643459,13.13027898643459,4.084,3.571,4.084,3.571
194,2022-05-11,3.868,3.884,3.884,3.865,19672.0,-0.5921730175077274,1.2615859938208016,2.2399588053552972,2.265705458290413,3.2698249227600353,11.045314109165805,13.208032955715742,13.208032955715742,4.084,3.571,4.084,3.571
195,2022-05-12,3.9,3.924,3.924,3.9,10885.0,1.0193679918450569,1.5035677879714504,1.9622833843017318,2.2171253822629904,2.7522935779816424,10.932721712538223,13.07339449541283,13.07339449541283,4.084,3.571,4.084,3.571
196,2022-05-13,3.885,3.881,3.892,3.88,25230.0,-1.1079618654985868,1.133728420510179,1.98402473589281,2.241690286008754,2.782787941252246,11.053852099974229,13.218242720948195,13.218242720948195,4.084,3.571,4.084,3.571
197,2022-05-16,3.854,3.843,3.863,3.84,7214.0,-0.9888108248763938,1.3531095498308625,2.6541764246682362,2.914389799635704,3.4608378870673953,10.226385636221696,13.348946135831369,13.348946135831369,4.084,3.571,4.084,3.571
198,2022-05-17,3.858,3.872,3.875,3.858,11565.0,0.7489669421487581,0.9039256198347145,2.1694214876033078,2.8925619834710767,3.4349173553719012,10.149793388429746,13.248966942148746,13.248966942148746,4.084,3.571,4.084,3.571
199,2022-05-18,3.834,3.827,3.836,3.824,13339.0,-1.1758557616932306,1.3326365299190008,2.6130128037627407,3.3446563888163086,3.893389077606481,10.269140318787557,13.404755683302835,13.404755683302835,4.084,3.571,4.084,3.571
200,2022-05-19,3.846,3.843,3.851,3.839,10250.0,0.41634139994795766,0.7025761124121815,2.602133749674736,3.0705178246161937,3.877179287015353,9.549830861306258,13.348946135831369,13.348946135831369,4.084,3.571,4.084,3.571
201,2022-05-20,3.848,3.865,3.881,3.848,11961.0,0.569210866752917,1.0866752910737338,1.7593790426908162,3.053040103492893,3.3376455368693403,8.486416558861574,13.272962483829224,13.272962483829224,4.084,3.571,4.084,3.571
202,2022-05-23,3.871,3.867,3.883,3.866,11005.0,0.05171967933798241,0.9050943884147955,1.5257305404706534,3.0514610809413067,3.335919317300233,8.378588052754068,13.266097750193934,13.266097750193934,4.084,3.571,4.084,3.571
203,2022-05-24,3.864,3.878,3.878,3.861,6216.0,0.28365136668386076,0.5673027333677101,1.5214027849406953,2.578648788035072,3.32645693656524,8.122743682310455,13.228468282619893,13.228468282619893,4.084,3.571,4.084,3.571
204,2022-05-25,3.883,3.888,3.888,3.883,2325.0,0.25720164609052953,0.6944444444444365,1.6460905349794255,2.572016460905352,3.3179012345679015,8.101851851851839,13.19444444444443,13.19444444444443,4.084,3.571,4.084,3.571
205,2022-05-26,3.883,3.895,3.897,3.882,33673.0,0.17971758664955373,0.385109114249029,1.489088575096273,2.567394094993584,3.286264441591787,7.984595635430026,13.17073170731706,13.17073170731706,4.084,3.571,4.084,3.571
206,2022-05-27,3.907,3.91,3.915,3.904,27028.0,0.3836317135549904,0.8439897698209696,1.7135549872122804,2.3273657289002605,3.27365728900256,7.953964194373389,13.120204603580548,13.120204603580548,4.084,3.571,4.084,3.571
207,2022-05-30,3.883,3.878,3.888,3.877,1603.0,-0.825167612171223,0.979886539453333,1.3924703455389331,2.3465703971119183,3.300670448684892,8.019597730789053,13.228468282619893,13.228468282619893,4.084,3.571,4.084,3.571
208,2022-05-31,3.861,3.867,3.872,3.86,61.0,-0.2844582363589377,0.7240755107318342,1.422291181794677,2.353245409878464,3.3100594776312415,8.042410137057137,13.266097750193934,13.266097750193934,4.084,3.571,4.084,3.571
209,2022-06-01,3.838,3.84,3.847,3.838,25000.0,-0.7031250000000036,0.8854166666666617,2.0052083333333326,2.369791666666672,3.3333333333333366,7.317708333333325,13.359374999999988,13.359374999999988,4.084,3.571,4.084,3.571
210,2022-06-02,3.859,3.873,3.878,3.859,2661.0,0.8520526723470272,1.032791117996386,1.9881229021430402,1.9881229021430402,3.0467337980893445,7.2553576039245975,13.245546088303625,13.245546088303625,4.084,3.571,4.084,3.571
211,2022-06-06,3.861,3.863,3.868,3.858,1230.0,-0.25886616619208463,0.5177323323841578,1.9932694796790047,1.9932694796790047,3.0546207610665372,7.274139269997404,13.279834325653622,13.279834325653622,4.084,3.571,4.084,3.571
212,2022-06-07,3.841,3.846,3.846,3.84,10818.0,-0.44201768070722575,0.7280291211648473,1.3000520020800785,2.002080083203327,3.068122724909005,7.306292251690059,13.33853354134164,13.33853354134164,4.084,3.571,4.084,3.571
213,2022-06-08,3.851,3.862,3.864,3.851,2355.0,0.4142931123770071,0.6214396685655106,1.0357327809425176,1.9937856033143437,2.5893319523562943,7.276022786121173,13.283272915587762,13.283272915587762,4.084,3.571,4.084,3.571
214,2022-06-09,3.87,3.873,3.883,3.869,19978.0,0.28401755744900903,0.8262328943971088,1.1618900077459315,1.9881229021430402,2.5819777949909652,7.2553576039245975,13.245546088303625,13.245546088303625,4.084,3.571,4.084,3.571
215,2022-06-10,3.845,3.859,3.87,3.845,4407.0,-0.3627882871210219,0.9847110650427524,1.1142783104431238,1.9953355791655858,2.591344908007258,4.405286343612333,13.293599378077209,13.293599378077209,4.084,3.571,4.084,3.571
216,2022-06-13,3.925,3.922,3.933,3.92,25723.0,1.6063233044365162,2.243753187149404,2.371239163691993,2.4222335543090194,2.7791942886282506,4.334523202447729,13.080061193268728,13.080061193268728,4.084,3.571,4.084,3.571
217,2022-06-14,3.883,3.84,3.883,3.84,8884.0,-2.1354166666666745,2.4218749999999996,2.4218749999999996,2.473958333333327,2.838541666666666,4.427083333333331,13.359374999999988,13.359374999999988,4.084,3.571,4.084,3.571
218,2022-06-15,3.84,3.82,3.84,3.816,26077.0,-0.5235602094240842,1.7539267015706854,3.06282722513089,3.06282722513089,3.06282722513089,4.450261780104711,13.429319371727736,13.429319371727736,4.084,3.571,4.084,3.571
219,2022-06-16,3.824,3.834,3.845,3.824,7180.0,0.36515388628065293,0.7563901930099206,3.0516431924882625,3.0516431924882625,3.0516431924882625,4.434011476264995,13.38028169014083,13.38028169014083,4.084,3.571,4.084,3.571
220,2022-06-17,3.832,3.861,3.864,3.832,4793.0,0.6993006993007028,1.0360010360010368,3.03030303030303,3.03030303030303,3.03030303030303,4.273504273504274,13.286713286713272,13.286713286713272,4.084,3.571,4.084,3.571
221,2022-06-20,3.844,3.843,3.851,3.843,3959.0,-0.4683840749414582,0.8326827998959153,3.0444964871194378,3.0444964871194378,3.0444964871194378,4.085349986989332,13.19281811085089,13.348946135831369,4.084,3.571,4.084,3.571
222,2022-06-21,3.842,3.844,3.845,3.842,3274.0,0.026014568158165708,0.2341311134235145,1.742976066597299,3.043704474505723,3.043704474505723,4.084287200832467,12.59105098855358,13.345473465140465,4.084,3.571,4.084,3.571
223,2022-06-22,3.834,3.838,3.843,3.807,911.0,-0.15633142261594016,0.9900990099009968,1.4851485148514836,3.282959874934859,3.282959874934859,4.3251693590411655,12.61073475768628,13.366336633663353,4.084,3.571,4.084,3.571
224,2022-06-23,3.846,3.842,3.848,3.839,2983.0,0.10411244143675177,1.0671525247267029,1.48360229047371,3.2795419052576755,3.2795419052576755,4.320666319625193,12.597605413846944,13.35242061426339,4.084,3.571,4.084,3.571
225,2022-06-24,3.814,3.812,3.825,3.812,22769.0,-0.7869884575026298,0.9443861490031489,1.4952780692549827,3.305351521511015,3.305351521511015,4.354669464847847,12.696747114375645,13.457502623294845,4.084,3.571,4.084,3.571
226,2022-06-27,3.836,3.835,3.84,3.798,8531.0,0.5997392438070438,1.0951760104302428,1.382007822685787,3.520208604954362,3.520208604954362,4.563233376792694,12.620599739243795,13.376792698826584,4.084,3.571,4.084,3.571
227,2022-06-28,3.819,3.818,3.827,3.818,2600.0,-0.44525929806180997,1.100052383446826,1.309586170770032,2.2262964903090614,3.5358826610790937,4.5835515976951235,12.676794133053942,13.436354112100563,4.084,3.571,4.084,3.571
228,2022-06-29,3.817,3.814,3.823,3.81,2647.0,-0.10487676979549039,0.44572627163083123,1.310959622443624,1.7304667016255857,3.539590980597792,4.588358678552696,12.690089145254312,13.450445726271617,4.084,3.571,4.084,3.571
229,2022-06-30,3.814,3.804,3.814,3.8,18997.0,-0.2628811777076822,0.6046267087276586,1.314405888538376,1.7350157728706583,3.5488958990536226,4.600420609884328,12.723449001051513,13.485804416403772,4.084,3.571,4.084,3.571
230,2022-07-01,3.782,3.767,3.783,3.766,33923.0,-0.9822139633660718,1.2742235200424752,1.9644279267321436,2.601539686753381,4.433235996814436,5.495088930183166,12.848420493761603,13.618263870453928,4.084,3.571,4.084,3.571
231,2022-07-04,3.772,3.792,3.792,3.772,2094.0,0.6592827004219386,0.6856540084388133,1.9514767932489412,2.2415611814345984,4.404008438818561,5.458860759493668,12.763713080168765,13.528481012658213,4.084,3.571,4.084,3.571
232,2022-07-05,3.783,3.786,3.793,3.781,11866.0,-0.15847860538826686,0.5546751188589634,1.6111991547807698,2.165874273639721,4.410987849973582,5.4675118858954,12.783940834653976,13.549920760697292,4.084,3.571,4.084,3.571
233,2022-07-06,3.752,3.705,3.752,3.697,32403.0,-2.186234817813764,2.591093117408909,3.4008097165991873,4.075573549257754,6.36977058029689,7.449392712550602,13.063427800269892,13.84615384615383,4.084,3.571,4.084,3.571
234,2022-07-07,3.685,3.658,3.685,3.643,78540.0,-1.2848551120831098,2.9797703663203934,4.674685620557689,5.604155276107164,7.927829414980865,9.02132312739202,13.231273920174946,14.024056861673031,4.084,3.571,4.084,3.571
235,2022-07-08,3.654,3.656,3.656,3.648,37114.0,-0.054704595185989593,1.1487964989059152,4.102844638949681,5.38840262582057,7.9321663019693665,9.02625820568928,13.238512035010928,14.031728665207863,4.084,3.571,4.084,3.571
236,2022-07-11,3.676,3.654,3.676,3.647,5700.0,-0.05473453749316431,0.7936507936508035,4.105090311986873,5.391351943076083,7.936507936507938,9.031198686371104,13.245758073344268,14.039408866995059,4.084,3.571,4.084,3.571
237,2022-07-12,3.654,3.654,3.658,3.644,30219.0,0.0,0.8757525998905317,4.105090311986873,5.035577449370558,6.568144499178988,9.031198686371104,13.136288998357951,14.039408866995059,4.084,3.571,4.084,3.571
238,2022-07-13,3.639,3.628,3.639,3.624,11465.0,-0.7166482910694543,0.9371554575523652,3.528114663726562,5.485115766262399,6.615214994487315,9.619625137816971,13.23042998897463,14.140022050716633,4.084,3.571,4.084,3.571
239,2022-07-14,3.633,3.634,3.646,3.633,48702.0,0.16510731975783663,0.6053935057787506,1.6785910842047316,5.228398458998348,6.604292790313698,9.603742432581171,13.208585580627396,14.116675839295528,4.084,3.571,4.084,3.571
240,2022-07-15,3.615,3.602,3.622,3.602,5654.0,-0.8883953359244872,1.22154358689617,2.054414214325383,5.302609661299286,7.273736812881733,10.299833425874514,13.38145474736257,14.242087729039406,4.084,3.571,4.084,3.571
241,2022-07-18,3.62,3.619,3.629,3.618,6433.0,0.46974302293452186,0.7460624481901115,2.044763746891414,5.277701022381881,6.8803536888643295,9.6988118264714,13.318596297319694,14.175186515612031,4.084,3.571,4.084,3.571
242,2022-07-19,3.61,3.609,3.611,3.603,1883.0,-0.2770850651149967,0.7204211692989693,1.551676364643947,5.292324743696322,6.816292601828762,9.72568578553616,13.355500138542526,14.214463840398988,4.084,3.571,4.084,3.571
243,2022-07-20,3.612,3.609,3.617,3.608,12060.0,0.0,0.3879190911609806,1.2191742865059585,4.156275976724852,6.816292601828762,9.72568578553616,13.355500138542526,14.214463840398988,4.084,3.571,4.084,3.571
244,2022-07-21,3.61,3.577,3.61,3.575,3806.0,-0.8946044171093104,1.1741682974559635,1.9849035504612726,3.075202683813248,7.632093933463787,10.56751467710371,14.229801509644938,14.341627061783601,4.084,3.571,4.084,3.571
245,2022-07-22,3.606,3.632,3.635,3.606,30761.0,1.5143171806167444,1.6519823788546149,1.6519823788546149,2.780837004405286,7.296255506607921,10.379955947136557,14.014317180616725,14.124449339207032,4.084,3.571,4.084,3.571
246,2022-07-25,3.638,3.645,3.652,3.634,21620.0,0.35665294924553914,1.2620027434842322,2.1124828532235926,2.7709190672153627,7.270233196159113,10.342935528120707,13.964334705075432,14.074074074074058,4.084,3.571,4.084,3.571
