o1, c1, h1, l1, o2, c2, h2, l2, o3, c3, h3, l3, o4, c4, h4, l4, o5, c5, h5, l5
3.45, 3.46, 3.514, 3.407, 3.407, 3.403, 3.467, 3.4, 3.41, 3.425, 3.425, 3.357, 3.425, 3.514, 3.517, 3.418, 3.514, 3.55, 3.553, 3.5
3.55, 3.564, 3.567, 3.528, 3.564, 3.553, 3.567, 3.528, 3.532, 3.517, 3.542, 3.478, 3.514, 3.528, 3.56, 3.46, 3.471, 3.432, 3.478, 3.389
3.435, 3.435, 3.457, 3.421, 3.439, 3.453, 3.478, 3.432, 3.435, 3.414, 3.489, 3.407, 3.418, 3.393, 3.425, 3.375, 3.282, 3.4, 3.4, 3.282
3.4, 3.432, 3.435, 3.4, 3.407, 3.421, 3.442, 3.4, 3.442, 3.414, 3.442, 3.4, 3.396, 3.385, 3.414, 3.378, 3.368, 3.325, 3.368, 3.314
3.261, 3.364, 3.368, 3.261, 3.36, 3.393, 3.4, 3.353, 3.321, 3.403, 3.421, 3.321, 3.41, 3.475, 3.482, 3.41, 3.46, 3.496, 3.496, 3.457
3.478, 3.396, 3.489, 3.393, 3.4, 3.464, 3.464, 3.393, 3.467, 3.421, 3.485, 3.421, 3.425, 3.364, 3.428, 3.353, 3.353, 3.375, 3.385, 3.339
3.403, 3.446, 3.453, 3.403, 3.446, 3.507, 3.514, 3.446, 3.5, 3.514, 3.528, 3.492, 3.51, 3.55, 3.553, 3.51, 3.55, 3.55, 3.557, 3.514
3.539, 3.571, 3.574, 3.539, 3.557, 3.582, 3.589, 3.557, 3.578, 3.542, 3.578, 3.525, 3.546, 3.596, 3.596, 3.546, 3.571, 3.635, 3.649, 3.567
3.607, 3.685, 3.699, 3.607, 3.71, 3.731, 3.739, 3.681, 3.731, 3.774, 3.781, 3.721, 3.767, 3.746, 3.789, 3.728, 3.742, 3.717, 3.781, 3.71
3.717, 3.771, 3.774, 3.71, 3.774, 3.806, 3.817, 3.774, 3.81, 3.821, 3.824, 3.76, 3.821, 3.842, 3.853, 3.821, 3.846, 3.853, 3.863, 3.824
3.853, 3.838, 3.881, 3.835, 3.771, 3.813, 3.849, 3.771, 3.796, 3.735, 3.803, 3.703, 3.731, 3.749, 3.764, 3.717, 3.742, 3.681, 3.742, 3.681
3.685, 3.614, 3.703, 3.596, 3.596, 3.51, 3.596, 3.446, 3.51, 3.589, 3.592, 3.51, 3.603, 3.589, 3.617, 3.567, 3.607, 3.599, 3.614, 3.56
3.599, 3.585, 3.599, 3.532, 3.557, 3.471, 3.574, 3.467, 3.46, 3.446, 3.467, 3.346, 3.45, 3.239, 3.45, 3.207, 3.236, 3.225, 3.31, 2.989
3.211, 3.289, 3.289, 3.203, 3.3, 3.232, 3.346, 3.225, 3.246, 3.239, 3.296, 3.189, 3.236, 3.3, 3.5, 3.218, 3.293, 3.36, 3.364, 3.289
3.307, 3.36, 3.368, 3.211, 3.339, 3.389, 3.428, 3.328, 3.407, 3.375, 3.432, 3.375, 3.282, 3.25, 3.375, 3.25, 3.239, 3.261, 3.268, 3.225
3.261, 3.364, 3.368, 3.261, 3.378, 3.464, 3.492, 3.371, 3.457, 3.435, 3.5, 3.428, 3.457, 3.496, 3.5, 3.439, 3.496, 3.539, 3.539, 3.478
3.525, 3.492, 3.557, 3.478, 3.46, 3.485, 3.507, 3.45, 3.485, 3.407, 3.514, 3.407, 3.393, 3.471, 3.471, 3.368, 3.478, 3.553, 3.557, 3.475
3.542, 3.571, 3.585, 3.514, 3.599, 3.51, 3.599, 3.503, 3.489, 3.503, 3.521, 3.46, 3.471, 3.432, 3.496, 3.432, 3.432, 3.414, 3.453, 3.36
3.418, 3.435, 3.475, 3.418, 3.446, 3.532, 3.532, 3.442, 3.542, 3.539, 3.571, 3.535, 3.535, 3.599, 3.599, 3.535, 3.425, 3.635, 3.649, 3.425
3.632, 3.589, 3.653, 3.585, 3.571, 3.596, 3.628, 3.571, 3.617, 3.614, 3.639, 3.574, 3.614, 3.678, 3.681, 3.614, 3.667, 3.692, 3.692, 3.667
3.681, 3.674, 3.71, 3.66, 3.671, 3.628, 3.685, 3.624, 3.607, 3.55, 3.685, 3.55, 3.528, 3.61, 3.614, 3.525, 3.599, 3.589, 3.632, 3.582
3.589, 3.614, 3.621, 3.585, 3.621, 3.632, 3.646, 3.61, 3.571, 3.621, 3.657, 3.56, 3.628, 3.699, 3.703, 3.621, 3.696, 3.728, 3.728, 3.692
3.706, 3.706, 3.739, 3.642, 3.706, 3.706, 3.717, 3.674, 3.696, 3.667, 3.728, 3.649, 3.681, 3.674, 3.692, 3.639, 3.66, 3.746, 3.753, 3.66
3.739, 3.742, 3.76, 3.717, 3.717, 3.764, 3.774, 3.714, 3.735, 3.792, 3.799, 3.731, 3.81, 3.821, 3.835, 3.749, 3.821, 3.853, 3.863, 3.81
3.86, 3.838, 3.874, 3.71, 3.567, 3.817, 3.86, 3.567, 3.817, 3.828, 3.881, 3.796, 3.803, 3.824, 3.863, 3.803, 3.824, 3.813, 3.831, 3.799
3.803, 3.824, 3.849, 3.778, 3.817, 3.899, 3.913, 3.817, 3.92, 3.899, 3.92, 3.86, 3.874, 3.906, 3.931, 3.874, 3.853, 3.86, 3.906, 3.838
3.821, 3.838, 3.856, 3.817, 3.846, 3.92, 3.92, 3.838, 3.885, 3.935, 3.938, 3.756, 3.935, 3.981, 3.981, 3.924, 4.006, 3.963, 4.006, 3.899
3.931, 4.024, 4.024, 3.931, 4.045, 4.063, 4.067, 4.028, 4.067, 4.074, 4.081, 4.042, 4.042, 3.96, 4.049, 3.942, 3.992, 3.931, 4.01, 3.924
3.978, 3.97, 3.978, 3.931, 3.97, 4.067, 4.067, 3.963, 4.028, 4.028, 4.085, 4.017, 4.028, 3.928, 4.049, 3.903, 3.906, 3.913, 3.931, 3.885
3.91, 3.81, 3.91, 3.789, 3.817, 3.803, 3.828, 3.778, 3.781, 3.699, 3.828, 3.607, 3.696, 3.76, 3.764, 3.685, 3.764, 3.717, 3.764, 3.714
3.749, 3.703, 3.749, 3.664, 3.71, 3.721, 3.742, 3.706, 3.703, 3.771, 3.774, 3.685, 3.749, 3.742, 3.799, 3.739, 3.731, 3.685, 3.731, 3.678
3.685, 3.632, 3.685, 3.621, 3.639, 3.646, 3.657, 3.603, 3.653, 3.674, 3.674, 3.635, 3.674, 3.614, 3.674, 3.607, 3.592, 3.657, 3.657, 3.578
3.657, 3.735, 3.764, 3.657, 3.771, 3.821, 3.824, 3.749, 3.817, 3.838, 3.849, 3.806, 3.849, 3.878, 3.878, 3.824, 3.878, 3.863, 3.878, 3.835
3.863, 3.842, 3.881, 3.835, 3.842, 3.828, 3.871, 3.817, 3.842, 3.842, 3.846, 3.813, 3.831, 3.881, 3.885, 3.831, 3.878, 3.92, 3.942, 3.878
3.945, 3.938, 3.945, 3.913, 3.853, 3.771, 3.899, 3.567, 3.657, 3.853, 3.856, 3.657, 3.853, 3.924, 3.953, 3.853, 3.913, 3.924, 3.949, 3.792
3.874, 3.917, 3.931, 3.874, 3.931, 3.942, 4.138, 3.917, 3.945, 3.942, 3.96, 3.924, 3.942, 3.903, 3.942, 3.878, 3.896, 3.91, 3.938, 3.896
3.799, 3.917, 3.924, 3.789, 3.917, 3.849, 3.92, 3.846, 3.849, 3.824, 3.849, 3.813, 3.828, 3.817, 3.842, 3.813, 3.842, 3.789, 3.849, 3.781
3.789, 3.739, 3.796, 3.724, 3.717, 3.731, 3.749, 3.678, 3.735, 3.753, 3.792, 3.731, 3.764, 3.799, 3.803, 3.742, 3.796, 3.731, 3.799, 3.731
3.739, 3.792, 3.803, 3.728, 3.806, 3.803, 3.821, 3.792, 3.803, 3.821, 3.824, 3.774, 3.806, 3.842, 3.842, 3.803, 3.828, 3.817, 3.831, 3.789
3.785, 3.71, 3.785, 3.706, 3.71, 3.724, 3.735, 3.685, 3.724, 3.728, 3.764, 3.714, 3.728, 3.692, 3.76, 3.692, 3.689, 3.621, 3.689, 3.614
3.621, 3.603, 3.646, 3.582, 3.607, 3.667, 3.667, 3.589, 3.667, 3.689, 3.696, 3.66, 3.696, 3.71, 3.721, 3.689, 3.703, 3.66, 3.703, 3.66
3.66, 3.635, 3.664, 3.614, 3.635, 3.678, 3.685, 3.621, 3.721, 3.789, 3.789, 3.703, 3.789, 3.817, 3.838, 3.785, 3.781, 3.878, 3.885, 3.781
3.863, 3.874, 3.913, 3.838, 3.86, 3.867, 3.903, 3.835, 3.871, 3.896, 3.903, 3.867, 3.888, 3.874, 3.899, 3.86, 3.853, 3.949, 3.949, 3.842
3.949, 4.063, 4.067, 3.949, 4.038, 4.074, 4.095, 4.024, 4.085, 4.117, 4.117, 4.06, 4.099, 4.056, 4.131, 4.052, 4.063, 4.124, 4.124, 4.049
4.131, 4.202, 4.202, 4.131, 4.213, 4.192, 4.22, 4.174, 4.195, 4.195, 4.22, 4.167, 4.195, 4.135, 4.202, 4.12, 4.142, 4.11, 4.142, 4.07
4.056, 4.092, 4.102, 4.028, 4.085, 3.949, 4.127, 3.92, 3.935, 3.97, 3.974, 3.867, 3.97, 3.917, 4.038, 3.913, 3.917, 3.96, 3.96, 3.863
3.963, 4.042, 4.045, 3.953, 4.045, 4.038, 4.049, 3.995, 4.042, 4.017, 4.06, 4.013, 4.02, 4.013, 4.031, 3.967, 4.024, 3.999, 4.038, 3.981
3.981, 3.849, 3.981, 3.842, 3.885, 3.853, 3.885, 3.817, 3.849, 3.853, 3.878, 3.796, 3.853, 3.896, 3.896, 3.846, 3.892, 3.871, 3.899, 3.849
3.903, 3.956, 3.956, 3.871, 3.96, 3.978, 3.995, 3.96, 3.956, 3.963, 3.97, 3.924, 3.963, 3.863, 3.988, 3.863, 3.86, 3.935, 3.981, 3.813
3.963, 3.97, 3.981, 3.928, 3.97, 3.97, 3.995, 3.949, 3.978, 3.985, 3.995, 3.974, 3.985, 3.931, 3.985, 3.92, 3.924, 3.846, 3.935, 3.838
3.853, 3.824, 3.906, 3.803, 3.824, 3.885, 3.885, 3.821, 3.899, 3.888, 3.906, 3.874, 3.885, 3.881, 3.906, 3.867, 3.871, 3.92, 3.924, 3.871
3.924, 3.967, 3.97, 3.906, 3.974, 4.003, 4.003, 3.974, 4.013, 4.02, 4.035, 3.999, 4.01, 4.003, 4.013, 3.985, 4.003, 4.035, 4.038, 3.999
4.035, 4.006, 4.035, 3.999, 3.999, 4.003, 4.006, 3.978, 4.006, 3.999, 4.017, 3.995, 3.97, 4.017, 4.017, 3.97, 4.006, 3.949, 4.02, 3.945
3.96, 3.928, 3.96, 3.871, 3.92, 3.91, 3.938, 3.899, 3.91, 3.871, 3.913, 3.871, 3.871, 3.785, 3.871, 3.785, 3.81, 3.671, 3.81, 3.671
3.678, 3.721, 3.721, 3.671, 3.71, 3.749, 3.756, 3.706, 3.746, 3.781, 3.781, 3.731, 3.774, 3.796, 3.813, 3.774, 3.785, 3.735, 3.785, 3.731
3.731, 3.739, 3.785, 3.721, 3.735, 3.703, 3.739, 3.674, 3.717, 3.799, 3.799, 3.717, 3.806, 3.792, 3.806, 3.649, 3.785, 3.781, 3.803, 3.774
3.785, 3.721, 3.785, 3.714, 3.717, 3.714, 3.717, 3.674, 3.706, 3.685, 3.706, 3.671, 3.703, 3.703, 3.739, 3.699, 3.703, 3.735, 3.735, 3.657
3.735, 3.735, 3.781, 3.731, 3.739, 3.781, 3.781, 3.735, 3.806, 3.821, 3.821, 3.792, 3.817, 3.806, 3.828, 3.799, 3.806, 3.853, 3.86, 3.803
3.846, 3.81, 3.867, 3.806, 3.81, 3.821, 3.831, 3.789, 3.831, 3.81, 3.838, 3.81, 3.81, 3.781, 3.81, 3.753, 3.781, 3.824, 3.824, 3.778
3.824, 3.813, 3.828, 3.789, 3.806, 3.785, 3.824, 3.781, 3.799, 3.835, 3.835, 3.778, 3.835, 3.853, 3.853, 3.824, 3.846, 3.846, 3.849, 3.828
3.842, 3.888, 3.892, 3.838, 3.892, 3.906, 3.91, 3.888, 3.906, 3.874, 3.906, 3.871, 3.878, 3.856, 3.881, 3.849, 3.856, 3.749, 3.86, 3.739
3.749, 3.785, 3.785, 3.749, 3.789, 3.813, 3.831, 3.764, 3.813, 3.838, 3.842, 3.81, 3.828, 3.817, 3.828, 3.803, 3.817, 3.867, 3.867, 3.817
3.874, 3.888, 3.91, 3.856, 3.888, 3.928, 3.931, 3.888, 3.928, 3.956, 3.956, 3.92, 3.953, 3.985, 3.985, 3.942, 3.985, 4.024, 4.031, 3.974
4.024, 4.013, 4.028, 4.003, 4.013, 4.02, 4.035, 3.995, 4.028, 4.049, 4.049, 3.992, 4.035, 3.988, 4.056, 3.985, 3.985, 3.985, 4.013, 3.981
3.981, 4.038, 4.045, 3.981, 4.045, 4.095, 4.099, 4.038, 4.095, 4.102, 4.11, 4.07, 4.099, 4.07, 4.117, 4.056, 4.07, 4.042, 4.07, 4.013
4.031, 4.049, 4.077, 4.02, 4.049, 4.038, 4.06, 4.024, 4.038, 4.095, 4.095, 4.038, 4.095, 4.067, 4.11, 4.052, 4.074, 4.063, 4.088, 4.017
4.06, 4.099, 4.102, 4.06, 4.102, 4.17, 4.174, 4.102, 4.17, 4.209, 4.227, 4.17, 4.213, 4.217, 4.245, 4.192, 4.224, 4.267, 4.27, 4.217
4.274, 4.227, 4.281, 4.209, 4.227, 4.284, 4.284, 4.224, 4.288, 4.302, 4.306, 4.27, 4.313, 4.334, 4.345, 4.281, 4.316, 4.295, 4.359, 4.288
4.284, 4.316, 4.327, 4.284, 4.331, 4.384, 4.384, 4.327, 4.391, 4.409, 4.409, 4.377, 4.42, 4.409, 4.42, 4.356, 4.409, 4.381, 4.438, 4.37
4.37, 4.434, 4.441, 4.37, 4.456, 4.498, 4.513, 4.448, 4.516, 4.509, 4.523, 4.466, 4.481, 4.509, 4.538, 4.481, 4.509, 4.502, 4.516, 4.452
4.502, 4.531, 4.538, 4.484, 4.548, 4.495, 4.552, 4.488, 4.495, 4.423, 4.506, 4.399, 4.423, 4.427, 4.441, 4.409, 4.42, 4.388, 4.438, 4.374
4.363, 4.441, 4.441, 4.363, 4.466, 4.516, 4.516, 4.448, 4.531, 4.588, 4.591, 4.523, 4.627, 4.623, 4.638, 4.577, 4.62, 4.655, 4.662, 4.605
4.673, 4.677, 4.687, 4.634, 4.691, 4.712, 4.716, 4.648, 4.691, 4.72, 4.723, 4.67, 4.727, 4.712, 4.777, 4.673, 4.702, 4.77, 4.78, 4.695
4.748, 4.812, 4.819, 4.748, 4.816, 4.655, 4.827, 4.648, 4.648, 4.695, 4.698, 4.609, 4.677, 4.727, 4.727, 4.662, 4.727, 4.77, 4.777, 4.712
4.762, 4.702, 4.762, 4.687, 4.698, 4.766, 4.766, 4.698, 4.755, 4.83, 4.834, 4.741, 4.852, 4.823, 4.873, 4.798, 4.816, 4.841, 4.848, 4.78
4.848, 4.894, 4.894, 4.844, 4.894, 4.926, 4.934, 4.891, 4.941, 5.012, 5.012, 4.923, 5.016, 5.016, 5.026, 4.944, 5.001, 4.991, 5.019, 4.962
4.941, 4.994, 4.994, 4.912, 4.984, 4.973, 5.023, 4.937, 4.969, 4.994, 4.998, 4.93, 4.969, 4.919, 5.016, 4.916, 4.912, 4.869, 4.923, 4.777
4.887, 4.937, 4.937, 4.877, 4.937, 4.891, 4.951, 4.887, 4.884, 4.83, 4.909, 4.827, 4.823, 4.77, 4.841, 4.741, 4.798, 4.784, 4.812, 4.762
4.762, 4.819, 4.819, 4.745, 4.827, 4.934, 4.937, 4.827, 4.955, 5.009, 5.012, 4.93, 5.005, 4.998, 5.033, 4.984, 5.001, 5.001, 5.023, 4.948
5.009, 5.041, 5.044, 5.005, 5.033, 5.012, 5.048, 4.991, 5.016, 5.005, 5.023, 4.987, 5.005, 5.041, 5.041, 4.969, 5.041, 4.987, 5.058, 4.962
5.026, 5.041, 5.041, 4.959, 5.044, 4.887, 5.048, 4.841, 4.869, 4.969, 4.973, 4.862, 4.966, 4.93, 4.976, 4.894, 4.916, 4.916, 4.926, 4.866
4.912, 4.969, 4.994, 4.909, 4.962, 4.966, 4.984, 4.955, 4.966, 4.991, 5.012, 4.966, 4.973, 4.984, 4.998, 4.969, 4.984, 5.041, 5.041, 4.984
5.069, 5.123, 5.141, 5.069, 5.116, 5.198, 5.198, 5.116, 5.215, 5.215, 5.233, 5.176, 5.226, 5.258, 5.258, 5.208, 5.244, 5.24, 5.273, 5.198
5.248, 5.215, 5.248, 5.183, 5.19, 5.283, 5.287, 5.19, 5.287, 5.351, 5.483, 5.251, 5.387, 5.458, 5.49, 5.347, 5.469, 5.347, 5.504, 5.18
5.24, 5.419, 5.447, 5.24, 5.404, 5.198, 5.469, 5.176, 5.13, 5.401, 5.429, 5.13, 5.387, 5.469, 5.494, 5.347, 5.429, 5.501, 5.515, 5.429
5.497, 5.59, 5.594, 5.462, 5.597, 5.601, 5.608, 5.544, 5.59, 5.558, 5.59, 5.494, 5.536, 5.572, 5.597, 5.494, 5.547, 5.522, 5.583, 5.422
5.476, 5.312, 5.519, 5.28, 5.28, 5.194, 5.34, 5.183, 5.169, 5.262, 5.262, 5.169, 5.255, 5.365, 5.365, 5.251, 5.362, 5.419, 5.422, 5.326
5.419, 5.337, 5.451, 5.319, 5.333, 5.244, 5.362, 5.24, 5.276, 5.312, 5.387, 5.208, 5.369, 5.397, 5.426, 5.301, 5.351, 5.479, 5.483, 5.315
5.526, 5.483, 5.526, 5.429, 5.479, 5.433, 5.49, 5.404, 5.39, 5.404, 5.49, 5.39, 5.394, 5.326, 5.394, 5.301, 5.301, 5.401, 5.422, 5.244
5.369, 5.38, 5.419, 5.344, 5.372, 5.469, 5.476, 5.294, 5.458, 5.519, 5.519, 5.422, 5.351, 5.28, 5.472, 5.223, 5.305, 5.465, 5.465, 5.301
5.49, 5.601, 5.608, 5.479, 5.626, 5.693, 5.708, 5.604, 5.701, 5.64, 5.743, 5.608, 5.633, 5.761, 5.765, 5.619, 5.768, 5.775, 5.79, 5.668
5.715, 5.747, 5.811, 5.715, 5.715, 5.711, 5.751, 5.676, 5.701, 5.643, 5.747, 5.64, 5.619, 5.619, 5.665, 5.551, 5.633, 5.722, 5.733, 5.633
5.722, 5.693, 5.747, 5.686, 5.779, 5.654, 5.808, 5.651, 5.654, 5.544, 5.665, 5.515, 5.547, 5.512, 5.561, 5.494, 5.479, 5.579, 5.583, 5.479
5.583, 5.64, 5.651, 5.583, 5.654, 5.686, 5.693, 5.643, 5.704, 5.775, 5.808, 5.704, 5.775, 5.89, 5.893, 5.775, 5.904, 5.918, 5.943, 5.879
5.925, 5.904, 5.957, 5.886, 5.9, 5.975, 5.979, 5.897, 5.993, 6.036, 6.036, 5.968, 6.068, 6.164, 6.168, 6.047, 6.107, 6.122, 6.214, 6.1
6.082, 6.239, 6.243, 6.082, 6.218, 6.225, 6.239, 6.146, 6.204, 6.136, 6.239, 6.125, 6.079, 6.239, 6.239, 6.068, 6.232, 6.275, 6.307, 6.207
6.289, 6.271, 6.289, 6.236, 6.282, 6.264, 6.289, 6.214, 6.271, 6.343, 6.343, 6.264, 6.368, 6.546, 6.55, 6.368, 6.553, 6.635, 6.671, 6.528
6.635, 6.739, 6.753, 6.614, 6.735, 6.806, 6.806, 6.689, 6.796, 6.867, 6.878, 6.778, 6.903, 7.131, 7.142, 6.896, 7.081, 7.067, 7.099, 6.814
7.035, 7.131, 7.185, 7.01, 7.074, 7.074, 7.206, 6.996, 7.06, 7.188, 7.213, 7.06, 7.227, 7.313, 7.345, 7.192, 7.331, 7.284, 7.366, 7.227
7.277, 7.474, 7.509, 7.27, 7.527, 7.606, 7.627, 7.488, 7.552, 7.72, 7.73, 7.502, 7.812, 7.916, 8.201, 7.745, 7.916, 7.802, 7.98, 7.659
7.784, 7.762, 7.798, 7.459, 7.723, 8.001, 8.023, 7.673, 8.1, 7.818, 8.1, 7.79, 7.8, 7.887, 7.96, 7.48, 7.897, 7.941, 8.0, 7.887
7.8, 7.821, 8.009, 7.78, 7.82, 8.1, 8.11, 7.801, 8.13, 8.35, 8.368, 8.125, 8.361, 8.403, 8.452, 8.282, 8.3, 8.432, 8.467, 8.151
8.43, 8.524, 8.597, 8.418, 8.547, 8.269, 8.6, 8.182, 8.202, 8.449, 8.469, 8.2, 8.455, 8.503, 8.585, 8.455, 8.501, 8.561, 8.581, 8.427
8.53, 8.24, 8.53, 8.188, 8.255, 8.099, 8.422, 8.0, 8.046, 7.929, 8.108, 7.925, 7.94, 8.28, 8.721, 7.94, 8.45, 8.714, 8.716, 8.307
8.719, 8.816, 8.897, 8.623, 8.67, 8.897, 8.97, 8.67, 8.87, 8.862, 8.924, 8.77, 8.848, 8.812, 8.869, 8.67, 8.79, 8.979, 8.996, 8.746
8.991, 9.207, 9.28, 8.944, 9.265, 9.363, 9.548, 9.24, 9.391, 9.788, 9.798, 9.37, 9.85, 9.921, 10.0, 9.5, 9.7, 10.101, 10.14, 9.693
10.101, 10.503, 10.55, 10.101, 10.545, 10.619, 10.729, 10.247, 10.609, 9.933, 10.735, 9.911, 10.0, 10.136, 10.42, 9.551, 10.078, 10.778, 10.88, 9.999
10.779, 11.064, 11.07, 10.67, 11.034, 10.989, 11.19, 10.686, 10.964, 11.01, 11.088, 9.89, 11.0, 11.268, 11.289, 10.9, 11.199, 11.042, 11.199, 10.831
10.944, 11.105, 11.118, 10.921, 11.086, 11.29, 11.55, 10.932, 11.302, 11.5, 11.588, 11.199, 11.5, 11.7, 11.99, 11.5, 11.799, 11.434, 11.82, 11.392
11.25, 10.985, 11.3, 10.88, 10.96, 11.23, 11.5, 10.603, 11.199, 10.844, 11.278, 10.8, 10.432, 10.141, 10.672, 10.014, 10.1, 10.139, 10.171, 9.51
10.14, 10.298, 10.351, 9.975, 10.301, 9.977, 10.41, 9.802, 9.65, 8.979, 9.85, 8.979, 9.17, 8.454, 9.299, 8.081, 8.1, 9.095, 9.142, 7.848
8.715, 8.362, 9.111, 8.3, 8.31, 8.0, 8.57, 7.777, 7.869, 7.409, 7.99, 7.23, 8.15, 7.409, 8.15, 6.69, 7.2, 6.831, 7.2, 6.668
6.148, 6.148, 6.668, 6.148, 5.901, 6.763, 6.763, 5.901, 7.18, 7.439, 7.439, 6.963, 7.757, 8.183, 8.183, 7.5, 7.8, 7.886, 8.419, 7.8
7.8, 7.202, 7.87, 7.163, 7.11, 7.59, 7.745, 6.951, 7.66, 8.077, 8.15, 7.628, 8.073, 8.114, 8.289, 7.94, 7.96, 8.246, 8.316, 7.9
8.232, 8.357, 8.399, 8.11, 8.366, 8.651, 8.692, 8.336, 8.702, 8.471, 8.8, 8.39, 8.259, 7.729, 8.552, 7.71, 7.6, 7.701, 7.949, 7.32
7.75, 8.148, 8.17, 7.515, 8.067, 7.854, 8.384, 7.8, 7.788, 7.768, 8.0, 7.693, 7.692, 7.507, 7.724, 7.382, 7.61, 8.058, 8.077, 7.551
8.0, 7.891, 8.1, 7.85, 7.755, 7.842, 8.028, 7.578, 7.951, 8.103, 8.117, 7.924, 8.201, 8.556, 8.58, 8.13, 8.5, 8.526, 8.618, 8.415
8.418, 8.386, 8.56, 8.378, 8.386, 8.592, 8.65, 8.3, 8.725, 8.674, 8.8, 8.611, 8.64, 8.92, 8.922, 8.624, 8.931, 8.159, 8.95, 8.049
7.903, 8.434, 8.498, 7.745, 8.301, 8.104, 8.46, 8.08, 8.031, 7.698, 8.076, 7.67, 7.4, 6.928, 7.49, 6.928, 6.571, 6.235, 6.858, 6.235
6.235, 6.236, 6.694, 6.137, 6.4, 6.5, 6.548, 6.1, 6.615, 6.891, 6.92, 6.481, 6.825, 6.621, 6.825, 6.57, 6.5, 6.166, 6.5, 6.16
5.85, 6.011, 6.486, 5.76, 6.168, 6.158, 6.43, 6.112, 6.05, 6.495, 6.583, 6.015, 6.517, 6.682, 6.746, 6.484, 6.609, 6.509, 6.658, 6.5
6.509, 6.559, 6.619, 6.432, 6.571, 5.998, 6.616, 5.903, 5.9, 5.701, 5.998, 5.697, 5.731, 6.191, 6.271, 5.726, 6.167, 6.044, 6.301, 6.03
6.021, 6.125, 6.165, 5.956, 6.04, 6.393, 6.399, 6.0, 6.412, 6.366, 6.485, 6.3, 6.243, 6.272, 6.35, 6.208, 6.298, 6.359, 6.422, 6.286
6.305, 6.12, 6.38, 6.08, 6.192, 6.291, 6.299, 6.063, 6.15, 6.225, 6.258, 6.142, 6.23, 6.231, 6.285, 6.182, 6.55, 6.489, 6.577, 6.42
6.47, 6.565, 6.597, 6.434, 6.617, 6.848, 6.95, 6.617, 6.755, 6.91, 6.942, 6.748, 6.903, 6.852, 6.96, 6.808, 6.83, 7.107, 7.11, 6.825
7.143, 7.179, 7.2, 7.05, 7.2, 7.22, 7.25, 7.094, 7.209, 7.291, 7.291, 7.11, 7.299, 6.868, 7.299, 6.821, 6.93, 7.11, 7.143, 6.85
7.09, 7.3, 7.31, 7.081, 7.34, 7.296, 7.38, 7.22, 7.226, 7.361, 7.41, 7.001, 7.261, 7.156, 7.371, 7.1, 7.193, 7.236, 7.315, 7.107
7.236, 7.23, 7.351, 7.105, 7.18, 7.084, 7.299, 7.061, 7.091, 7.05, 7.17, 7.018, 7.076, 7.512, 7.516, 7.076, 7.499, 7.49, 7.582, 7.412
7.46, 7.673, 7.721, 7.46, 7.63, 7.763, 7.81, 7.557, 7.701, 7.768, 7.841, 7.682, 7.765, 7.922, 7.924, 7.71, 7.924, 7.946, 7.98, 7.801
7.84, 7.783, 7.945, 7.664, 7.68, 7.979, 7.981, 7.611, 8.055, 7.849, 8.12, 7.844, 7.876, 7.729, 7.927, 7.705, 7.68, 7.979, 7.985, 7.68
7.98, 8.048, 8.068, 7.95, 8.022, 7.96, 8.122, 7.95, 7.96, 8.055, 8.058, 7.85, 8.053, 8.167, 8.17, 8.02, 8.192, 8.092, 8.208, 8.08
8.037, 7.608, 8.089, 7.489, 7.581, 7.601, 7.718, 7.231, 7.592, 7.651, 7.75, 7.525, 7.666, 7.654, 7.666, 7.37, 7.65, 7.785, 7.79, 7.6
7.764, 7.685, 7.805, 7.63, 7.7, 7.814, 7.83, 7.651, 7.752, 7.626, 7.755, 7.6, 7.618, 7.566, 7.65, 7.531, 7.57, 7.539, 7.679, 7.515
7.508, 7.489, 7.546, 7.453, 7.445, 7.655, 7.674, 7.41, 7.665, 7.678, 7.751, 7.65, 7.714, 7.74, 7.805, 7.71, 7.799, 7.964, 7.965, 7.76
7.96, 7.912, 7.981, 7.865, 7.879, 8.023, 8.03, 7.86, 8.016, 8.094, 8.1, 7.973, 8.08, 7.988, 8.1, 7.961, 7.995, 7.99, 8.01, 7.864
7.985, 8.025, 8.036, 7.954, 8.015, 7.832, 8.074, 7.825, 7.79, 7.915, 7.922, 7.776, 7.914, 7.976, 7.988, 7.901, 7.998, 7.838, 7.998, 7.835
7.809, 7.18, 7.85, 7.173, 6.853, 7.122, 7.441, 6.84, 7.091, 7.272, 7.278, 7.073, 7.131, 6.622, 7.2, 6.6, 6.819, 6.753, 6.9, 6.4
6.575, 6.319, 6.72, 6.31, 6.375, 6.309, 6.4, 6.187, 6.34, 6.113, 6.42, 6.11, 5.99, 6.318, 6.32, 5.895, 6.275, 6.075, 6.318, 6.02
5.977, 6.162, 6.228, 5.91, 6.131, 6.359, 6.778, 6.118, 6.346, 6.307, 6.429, 6.206, 6.195, 6.09, 6.918, 6.08, 6.106, 6.17, 6.333, 5.99
6.209, 6.216, 6.294, 6.153, 6.168, 5.833, 6.17, 5.732, 5.828, 5.69, 5.833, 5.426, 5.623, 5.452, 5.689, 5.435, 5.496, 5.643, 5.711, 5.427
5.651, 5.58, 5.678, 5.493, 5.596, 5.777, 5.787, 5.588, 5.7, 5.807, 5.831, 5.652, 5.801, 5.904, 5.943, 5.801, 5.923, 5.863, 5.945, 5.845
5.7, 5.872, 6.118, 5.683, 5.88, 6.114, 6.116, 5.88, 6.098, 6.174, 6.19, 6.047, 6.206, 6.144, 6.237, 6.14, 6.13, 6.168, 6.215, 6.105
6.235, 6.304, 6.32, 6.218, 6.307, 6.273, 6.315, 6.18, 6.216, 6.303, 6.32, 6.179, 6.302, 5.789, 6.302, 5.681, 5.812, 5.841, 5.89, 5.706
5.802, 5.48, 5.802, 5.408, 5.536, 5.642, 5.7, 5.471, 5.603, 5.95, 5.95, 5.603, 5.969, 5.945, 6.068, 5.941, 5.964, 5.769, 5.993, 5.71
5.83, 5.932, 6.0, 5.83, 5.902, 5.968, 5.971, 5.701, 5.85, 5.802, 5.97, 5.761, 5.8, 5.698, 5.857, 5.695, 5.665, 5.697, 5.741, 5.6
5.754, 5.914, 5.96, 5.754, 5.895, 5.834, 5.909, 5.795, 5.896, 5.77, 5.931, 5.749, 5.781, 5.959, 6.066, 5.772, 6.5, 6.196, 6.5, 5.944
6.242, 6.323, 6.338, 6.223, 6.288, 6.293, 6.366, 6.24, 6.281, 6.353, 6.36, 6.253, 6.26, 6.226, 6.363, 6.215, 6.223, 6.305, 6.31, 6.22
6.328, 6.252, 6.4, 6.241, 6.237, 6.144, 6.265, 6.08, 6.19, 6.439, 6.5, 6.19, 6.41, 6.388, 6.454, 6.365, 6.379, 6.367, 6.379, 6.255
6.367, 6.514, 6.545, 6.343, 6.5, 6.554, 6.56, 6.49, 6.564, 6.474, 6.59, 6.466, 6.446, 6.415, 6.446, 6.32, 6.47, 6.53, 6.58, 6.47
6.525, 6.499, 6.552, 6.417, 6.531, 6.602, 6.678, 6.531, 6.64, 6.646, 6.662, 6.57, 6.648, 6.637, 6.659, 6.584, 6.6, 6.523, 6.6, 6.468
6.543, 6.535, 6.599, 6.499, 6.562, 6.247, 6.579, 6.149, 6.19, 6.197, 6.315, 6.185, 6.17, 6.234, 6.238, 6.14, 6.205, 6.203, 6.223, 6.105
6.195, 6.284, 6.399, 6.169, 6.286, 6.252, 6.319, 6.235, 6.221, 6.201, 6.258, 6.112, 6.197, 6.21, 6.278, 6.165, 6.21, 6.409, 6.412, 6.181
6.396, 6.409, 6.452, 6.381, 6.39, 6.454, 6.456, 6.37, 6.449, 6.2, 6.471, 6.194, 6.171, 5.974, 6.171, 5.715, 5.97, 5.955, 5.999, 5.926
5.969, 5.944, 6.08, 5.92, 5.88, 5.946, 5.953, 5.78, 5.92, 5.926, 6.005, 5.89, 5.931, 6.033, 6.045, 5.874, 6.035, 6.024, 6.089, 5.98
5.986, 5.858, 5.986, 5.79, 5.825, 5.887, 5.966, 5.825, 5.864, 5.966, 5.972, 5.813, 5.97, 6.031, 6.04, 5.97, 6.021, 5.975, 6.025, 5.93
6.005, 5.939, 6.046, 5.929, 5.925, 5.968, 6.049, 5.825, 5.958, 5.973, 6.016, 5.936, 5.946, 5.946, 5.999, 5.885, 5.947, 6.208, 6.222, 5.947
6.226, 6.21, 6.259, 6.195, 6.201, 6.261, 6.264, 6.201, 6.264, 6.299, 6.325, 6.236, 6.296, 6.314, 6.33, 6.269, 6.286, 6.308, 6.318, 6.261
6.306, 6.29, 6.317, 6.232, 6.199, 5.987, 6.254, 5.979, 5.99, 6.014, 6.031, 5.951, 5.944, 6.207, 6.299, 5.944, 6.207, 6.183, 6.234, 6.162
6.191, 6.231, 6.279, 6.17, 6.22, 6.239, 6.251, 6.16, 6.28, 6.165, 6.329, 6.143, 6.143, 6.282, 6.287, 6.141, 6.278, 6.247, 6.282, 6.195
6.243, 6.156, 6.3, 6.012, 6.125, 6.333, 6.35, 6.105, 6.296, 6.392, 6.396, 6.282, 6.393, 6.393, 6.428, 6.37, 6.392, 6.397, 6.426, 6.369
6.41, 6.388, 6.47, 6.376, 6.3, 6.515, 6.523, 6.3, 6.519, 6.548, 6.559, 6.506, 6.545, 6.587, 6.588, 6.508, 6.581, 6.613, 6.632, 6.54
6.61, 6.587, 6.629, 6.562, 6.602, 6.604, 6.685, 6.59, 6.591, 6.687, 6.694, 6.54, 6.7, 6.734, 6.761, 6.671, 6.722, 6.757, 6.76, 6.701
6.745, 6.741, 6.76, 6.71, 6.71, 6.714, 6.757, 6.68, 6.707, 6.712, 6.718, 6.645, 6.716, 6.701, 6.75, 6.7, 6.699, 6.733, 6.799, 6.696
6.723, 6.69, 6.736, 6.666, 6.671, 6.7, 6.731, 6.667, 6.69, 6.795, 6.796, 6.69, 6.795, 6.495, 6.81, 6.445, 6.481, 6.526, 6.635, 6.433
6.506, 6.48, 6.546, 6.45, 6.438, 6.383, 6.479, 6.314, 6.37, 6.445, 6.449, 6.37, 6.43, 6.467, 6.475, 6.411, 6.461, 6.506, 6.523, 6.441
6.509, 6.485, 6.527, 6.475, 6.47, 6.575, 6.6, 6.43, 6.555, 6.641, 6.65, 6.555, 6.632, 6.608, 6.647, 6.596, 6.585, 6.499, 6.625, 6.495
6.499, 6.591, 6.606, 6.48, 6.591, 6.728, 6.788, 6.567, 6.73, 6.759, 6.78, 6.73, 6.75, 6.775, 6.791, 6.731, 6.782, 6.777, 6.817, 6.755
6.78, 6.778, 6.805, 6.737, 6.775, 6.703, 6.808, 6.7, 6.691, 6.719, 6.746, 6.663, 6.71, 6.723, 6.751, 6.7, 6.705, 6.678, 6.709, 6.606
6.682, 6.711, 6.762, 6.68, 6.71, 6.723, 6.739, 6.673, 6.72, 6.719, 6.758, 6.694, 6.717, 6.73, 6.733, 6.675, 6.725, 6.667, 6.737, 6.664
6.667, 6.635, 6.699, 6.61, 6.65, 6.682, 6.713, 6.65, 6.68, 6.802, 6.803, 6.627, 6.804, 6.786, 6.842, 6.776, 6.786, 6.824, 6.825, 6.774
6.823, 6.758, 6.832, 6.754, 6.657, 6.573, 6.679, 6.566, 6.605, 6.602, 6.628, 6.576, 6.572, 6.56, 6.607, 6.55, 6.59, 6.64, 6.64, 6.59
6.626, 6.627, 6.64, 6.609, 6.625, 6.646, 6.661, 6.62, 6.675, 6.682, 6.717, 6.67, 6.703, 6.671, 6.705, 6.66, 6.658, 6.543, 6.661, 6.53
6.522, 6.58, 6.604, 6.498, 6.573, 6.572, 6.583, 6.554, 6.572, 6.607, 6.651, 6.572, 6.584, 6.634, 6.635, 6.584, 6.652, 6.761, 6.77, 6.551
6.777, 6.782, 6.785, 6.742, 6.77, 6.777, 6.783, 6.754, 6.775, 6.785, 6.8, 6.769, 6.77, 6.772, 6.778, 6.72, 6.767, 6.72, 6.794, 6.688
6.717, 6.82, 6.822, 6.71, 6.835, 6.79, 6.838, 6.776, 6.799, 6.794, 6.807, 6.78, 6.786, 6.784, 6.812, 6.728, 6.784, 6.837, 6.862, 6.774
6.841, 6.862, 6.868, 6.837, 6.856, 6.833, 6.86, 6.811, 6.825, 6.82, 6.83, 6.793, 6.821, 6.768, 6.846, 6.759, 6.76, 6.744, 6.76, 6.703
6.743, 6.815, 6.817, 6.743, 6.8, 6.747, 6.806, 6.744, 6.73, 6.78, 6.825, 6.728, 6.763, 6.759, 6.806, 6.748, 6.751, 6.764, 6.784, 6.736
6.776, 6.809, 6.822, 6.775, 6.809, 6.746, 6.817, 6.681, 6.795, 6.846, 6.846, 6.795, 6.84, 6.9, 6.904, 6.829, 6.89, 6.914, 6.96, 6.88
6.929, 6.939, 6.948, 6.903, 6.943, 6.946, 6.968, 6.94, 6.939, 6.947, 6.956, 6.906, 6.947, 6.915, 6.952, 6.898, 6.91, 6.914, 6.968, 6.894
6.918, 6.976, 6.981, 6.918, 6.99, 6.933, 6.991, 6.925, 6.924, 6.92, 6.96, 6.905, 6.921, 6.954, 6.964, 6.831, 6.961, 6.973, 7.004, 6.949
6.972, 6.933, 6.987, 6.925, 6.92, 6.891, 6.931, 6.871, 6.89, 6.931, 6.938, 6.889, 6.906, 6.821, 6.927, 6.82, 6.77, 6.776, 6.823, 6.75
6.792, 6.785, 6.815, 6.78, 6.785, 6.866, 6.868, 6.782, 6.86, 6.832, 6.865, 6.826, 6.812, 6.814, 6.838, 6.807, 6.8, 6.539, 6.828, 6.532
6.538, 6.558, 6.575, 6.478, 6.558, 6.518, 6.579, 6.503, 6.51, 6.559, 6.598, 6.488, 6.559, 6.601, 6.613, 6.549, 6.604, 6.606, 6.618, 6.576
6.606, 6.578, 6.615, 6.55, 6.587, 6.632, 6.636, 6.587, 6.626, 6.621, 6.635, 6.596, 6.621, 6.574, 6.628, 6.565, 6.574, 6.577, 6.58, 6.487
6.58, 6.589, 6.598, 6.571, 6.578, 6.559, 6.589, 6.543, 6.535, 6.555, 6.58, 6.535, 6.541, 6.553, 6.578, 6.535, 6.557, 6.61, 6.62, 6.557
6.612, 6.691, 6.7, 6.59, 6.691, 6.688, 6.702, 6.68, 6.678, 6.657, 6.688, 6.654, 6.649, 6.708, 6.71, 6.646, 6.709, 6.683, 6.715, 6.675
6.69, 6.63, 6.698, 6.62, 6.627, 6.549, 6.636, 6.545, 6.55, 6.477, 6.568, 6.467, 6.473, 6.293, 6.473, 6.138, 6.295, 6.348, 6.35, 6.221
6.348, 6.352, 6.385, 6.317, 6.342, 6.33, 6.364, 6.31, 6.31, 6.411, 6.422, 6.31, 6.396, 6.473, 6.475, 6.396, 6.46, 6.445, 6.478, 6.435
6.425, 6.47, 6.482, 6.425, 6.48, 6.514, 6.515, 6.472, 6.515, 6.493, 6.533, 6.466, 6.494, 6.549, 6.55, 6.479, 6.538, 6.539, 6.55, 6.497
6.53, 6.583, 6.584, 6.495, 6.586, 6.615, 6.62, 6.568, 6.623, 6.629, 6.64, 6.607, 6.638, 6.655, 6.658, 6.615, 6.652, 6.66, 6.666, 6.63
6.656, 6.598, 6.672, 6.59, 6.596, 6.641, 6.656, 6.595, 6.64, 6.595, 6.657, 6.583, 6.595, 6.681, 6.686, 6.594, 6.667, 6.733, 6.738, 6.667
6.744, 6.764, 6.771, 6.719, 6.765, 6.774, 6.778, 6.731, 6.769, 6.776, 6.776, 6.745, 6.763, 6.72, 6.776, 6.711, 6.72, 6.743, 6.745, 6.704
6.733, 6.765, 6.79, 6.728, 6.755, 6.733, 6.782, 6.718, 6.701, 6.747, 6.76, 6.693, 6.782, 6.811, 6.818, 6.751, 6.806, 6.829, 6.834, 6.782
6.812, 6.804, 6.848, 6.786, 6.801, 6.723, 6.801, 6.72, 6.722, 6.744, 6.76, 6.722, 6.736, 6.817, 6.818, 6.703, 6.82, 6.785, 6.823, 6.773
6.777, 6.779, 6.798, 6.76, 6.786, 6.84, 6.85, 6.782, 6.846, 6.772, 6.853, 6.769, 6.769, 6.794, 6.794, 6.744, 6.79, 6.823, 6.825, 6.773
6.817, 6.798, 6.817, 6.751, 6.793, 6.812, 6.842, 6.745, 6.811, 6.855, 6.865, 6.796, 6.855, 6.814, 6.862, 6.811, 6.81, 6.799, 6.827, 6.783
6.794, 6.776, 6.82, 6.75, 6.756, 6.674, 6.77, 6.667, 6.667, 6.687, 6.699, 6.66, 6.737, 6.859, 6.867, 6.737, 6.86, 6.857, 6.866, 6.828
6.857, 6.869, 6.895, 6.832, 6.864, 6.862, 6.888, 6.85, 6.861, 6.939, 6.94, 6.819, 6.94, 6.885, 6.948, 6.875, 6.879, 6.925, 6.943, 6.869
6.92, 6.833, 6.925, 6.83, 6.816, 6.756, 6.817, 6.744, 6.745, 6.725, 6.795, 6.713, 6.698, 6.646, 6.71, 6.59, 6.65, 6.643, 6.675, 6.605
6.636, 6.602, 6.665, 6.591, 6.584, 6.424, 6.585, 6.422, 6.424, 6.444, 6.488, 6.424, 6.438, 6.456, 6.48, 6.43, 6.444, 6.479, 6.493, 6.339
6.478, 6.501, 6.503, 6.46, 6.5, 6.494, 6.505, 6.474, 6.488, 6.489, 6.519, 6.465, 6.475, 6.458, 6.531, 6.442, 6.447, 6.384, 6.453, 6.381
6.377, 6.266, 6.377, 6.262, 6.25, 6.29, 6.294, 6.202, 6.288, 6.172, 6.317, 6.17, 6.163, 6.154, 6.165, 6.0, 6.143, 6.137, 6.154, 6.088
6.15, 6.168, 6.199, 6.15, 6.17, 6.297, 6.306, 6.107, 6.297, 6.314, 6.349, 6.288, 6.274, 6.255, 6.32, 6.245, 6.255, 6.253, 6.276, 6.226
6.25, 6.161, 6.277, 6.153, 6.16, 6.05, 6.171, 6.04, 6.03, 6.076, 6.079, 5.948, 6.078, 6.122, 6.148, 6.005, 6.122, 6.127, 6.159, 6.101
6.2, 6.093, 6.227, 6.09, 6.084, 5.984, 6.093, 5.982, 5.961, 6.051, 6.067, 5.928, 6.069, 6.087, 6.118, 6.065, 6.076, 6.115, 6.126, 6.056
6.117, 6.248, 6.25, 6.107, 6.249, 6.245, 6.257, 6.222, 6.244, 6.267, 6.277, 6.213, 6.244, 6.19, 6.244, 6.183, 6.183, 6.278, 6.295, 6.182
6.278, 6.257, 6.292, 6.248, 6.251, 6.313, 6.329, 6.247, 6.317, 6.309, 6.328, 6.298, 6.31, 6.355, 6.364, 6.298, 6.361, 6.374, 6.403, 6.358
6.378, 6.385, 6.385, 6.335, 6.392, 6.294, 6.412, 6.291, 6.3, 6.313, 6.316, 6.224, 6.312, 6.428, 6.431, 6.308, 6.432, 6.411, 6.439, 6.39
6.398, 6.391, 6.427, 6.38, 6.392, 6.429, 6.457, 6.392, 6.424, 6.449, 6.465, 6.393, 6.445, 6.492, 6.5, 6.441, 6.488, 6.465, 6.49, 6.441
6.46, 6.505, 6.51, 6.447, 6.505, 6.505, 6.525, 6.455, 6.49, 6.546, 6.557, 6.486, 6.546, 6.524, 6.564, 6.502, 6.519, 6.452, 6.519, 6.448
6.438, 6.443, 6.502, 6.359, 6.438, 6.45, 6.485, 6.425, 6.451, 6.433, 6.458, 6.41, 6.413, 6.181, 6.416, 6.171, 6.168, 6.237, 6.239, 6.15
6.225, 6.377, 6.382, 6.21, 6.372, 6.407, 6.428, 6.364, 6.391, 6.43, 6.446, 6.391, 6.429, 6.48, 6.497, 6.427, 6.482, 6.478, 6.485, 6.424
6.468, 6.466, 6.479, 6.427, 6.461, 6.507, 6.527, 6.415, 6.487, 6.543, 6.566, 6.487, 6.542, 6.633, 6.637, 6.52, 6.635, 6.615, 6.635, 6.593
6.616, 6.585, 6.645, 6.571, 6.574, 6.588, 6.63, 6.568, 6.58, 6.55, 6.635, 6.543, 6.536, 6.643, 6.647, 6.536, 6.643, 6.636, 6.662, 6.615
6.634, 6.68, 6.69, 6.622, 6.67, 6.625, 6.678, 6.573, 6.602, 6.501, 6.615, 6.476, 6.48, 6.633, 6.636, 6.48, 6.62, 6.637, 6.649, 6.601
6.633, 6.645, 6.658, 6.588, 6.642, 6.711, 6.714, 6.637, 6.682, 6.682, 6.699, 6.66, 6.699, 6.747, 6.749, 6.687, 6.74, 6.72, 6.743, 6.704
6.707, 6.668, 6.721, 6.643, 6.667, 6.619, 6.674, 6.608, 6.618, 6.689, 6.705, 6.617, 6.7, 6.765, 6.795, 6.687, 6.765, 6.742, 6.783, 6.722
6.74, 6.789, 6.81, 6.731, 6.79, 6.812, 6.822, 6.771, 6.815, 6.882, 6.886, 6.794, 6.88, 6.91, 6.926, 6.865, 6.91, 6.915, 6.925, 6.87
6.899, 6.953, 6.963, 6.88, 6.953, 6.902, 6.968, 6.892, 6.9, 6.924, 6.961, 6.88, 6.925, 7.008, 7.01, 6.91, 7.014, 6.992, 7.083, 6.98
6.986, 7.039, 7.041, 6.976, 7.036, 7.024, 7.063, 6.994, 7.017, 6.97, 7.024, 6.941, 6.969, 7.036, 7.037, 6.961, 7.033, 6.976, 7.05, 6.952
6.92, 7.048, 7.05, 6.92, 7.043, 6.966, 7.048, 6.953, 6.94, 6.914, 6.946, 6.882, 6.9, 6.83, 6.92, 6.822, 6.829, 6.86, 6.867, 6.82
6.86, 6.922, 6.937, 6.859, 6.92, 6.924, 6.954, 6.89, 6.924, 6.966, 6.973, 6.922, 7.055, 7.039, 7.1, 7.002, 7.05, 7.062, 7.066, 7.012
7.064, 7.023, 7.066, 7.015, 7.018, 7.01, 7.034, 6.972, 7.0, 7.065, 7.068, 7.0, 7.07, 6.963, 7.07, 6.961, 6.953, 6.952, 7.0, 6.937
6.958, 6.917, 6.976, 6.908, 6.913, 6.847, 6.918, 6.835, 6.828, 6.916, 6.919, 6.823, 6.911, 6.963, 6.969, 6.796, 6.958, 6.956, 6.96, 6.905
6.956, 6.995, 7.007, 6.934, 6.99, 7.007, 7.047, 6.97, 7.007, 6.992, 7.019, 6.968, 6.983, 6.849, 6.984, 6.814, 6.845, 6.899, 6.906, 6.832
6.898, 6.882, 6.937, 6.879, 6.877, 6.814, 6.877, 6.81, 6.816, 6.754, 6.838, 6.727, 6.755, 6.848, 6.854, 6.74, 6.848, 6.888, 6.889, 6.83
6.89, 6.901, 6.954, 6.879, 6.901, 6.958, 6.959, 6.901, 6.953, 6.98, 7.0, 6.93, 6.983, 7.011, 7.012, 6.966, 7.016, 6.96, 7.018, 6.94
6.949, 6.875, 6.95, 6.852, 6.871, 6.893, 6.912, 6.853, 6.893, 6.71, 6.896, 6.695, 6.691, 6.761, 6.769, 6.568, 6.761, 6.789, 6.806, 6.722
6.789, 6.76, 6.835, 6.723, 6.756, 6.592, 6.76, 6.587, 6.578, 6.605, 6.647, 6.57, 6.6, 6.517, 6.616, 6.515, 6.515, 6.62, 6.623, 6.512
6.623, 6.641, 6.673, 6.564, 6.63, 6.596, 6.652, 6.58, 6.6, 6.641, 6.668, 6.591, 6.617, 6.603, 6.672, 6.589, 6.581, 6.459, 6.606, 6.427
6.471, 6.488, 6.489, 6.383, 6.47, 6.449, 6.505, 6.445, 6.45, 6.52, 6.548, 6.449, 6.535, 6.616, 6.62, 6.535, 6.617, 6.559, 6.623, 6.555
6.56, 6.616, 6.618, 6.548, 6.614, 6.631, 6.636, 6.577, 6.632, 6.578, 6.639, 6.541, 6.578, 6.528, 6.6, 6.515, 6.532, 6.579, 6.586, 6.532
6.58, 6.529, 6.58, 6.526, 6.511, 6.566, 6.599, 6.486, 6.555, 6.566, 6.61, 6.555, 6.58, 6.506, 6.59, 6.496, 6.507, 6.549, 6.555, 6.485
6.548, 6.489, 6.559, 6.483, 6.479, 6.523, 6.551, 6.478, 6.523, 6.589, 6.59, 6.523, 6.61, 6.677, 6.68, 6.597, 6.679, 6.72, 6.735, 6.667
6.72, 6.746, 6.746, 6.706, 6.747, 6.758, 6.773, 6.722, 6.759, 6.789, 6.797, 6.733, 6.785, 6.783, 6.787, 6.761, 6.78, 6.749, 6.78, 6.707
6.73, 6.765, 6.775, 6.711, 6.756, 6.731, 6.768, 6.72, 6.715, 6.587, 6.727, 6.57, 6.583, 6.622, 6.675, 6.578, 6.623, 6.584, 6.625, 6.526
6.571, 6.609, 6.637, 6.568, 6.601, 6.59, 6.648, 6.582, 6.582, 6.674, 6.684, 6.56, 6.68, 6.683, 6.705, 6.657, 6.686, 6.734, 6.745, 6.66
6.736, 6.724, 6.763, 6.722, 6.722, 6.73, 6.746, 6.707, 6.725, 6.643, 6.75, 6.63, 6.643, 6.642, 6.667, 6.627, 6.622, 6.501, 6.622, 6.498
6.501, 6.306, 6.531, 6.3, 6.29, 6.303, 6.32, 6.149, 6.228, 6.292, 6.32, 6.2, 6.19, 6.007, 6.232, 5.996, 6.104, 6.014, 6.139, 5.922
6.014, 6.067, 6.096, 5.981, 5.9, 5.836, 5.976, 5.789, 5.86, 5.994, 6.027, 5.86, 6.01, 6.031, 6.084, 6.01, 6.037, 6.051, 6.052, 6.0
6.089, 6.177, 6.179, 6.087, 6.172, 6.186, 6.202, 6.145, 6.22, 6.353, 6.359, 6.215, 6.354, 6.324, 6.365, 6.311, 6.275, 6.326, 6.367, 6.256
6.315, 6.413, 6.42, 6.27, 6.385, 6.382, 6.405, 6.361, 6.382, 6.374, 6.411, 6.332, 6.383, 6.46, 6.462, 6.377, 6.464, 6.399, 6.464, 6.396
6.393, 6.457, 6.46, 6.38, 6.459, 6.544, 6.547, 6.45, 6.577, 6.615, 6.622, 6.55, 6.614, 6.584, 6.619, 6.571, 6.571, 6.5, 6.585, 6.494
6.48, 6.488, 6.531, 6.422, 6.493, 6.452, 6.527, 6.45, 6.49, 6.477, 6.517, 6.432, 6.416, 6.48, 6.497, 6.37, 6.487, 6.427, 6.544, 6.425
6.436, 6.426, 6.474, 6.38, 6.285, 6.092, 6.285, 6.016, 6.022, 6.214, 6.229, 5.974, 6.253, 6.355, 6.358, 6.25, 6.26, 6.283, 6.334, 6.26
6.288, 6.349, 6.357, 6.263, 6.364, 6.433, 6.444, 6.364, 6.45, 6.424, 6.492, 6.415, 6.349, 6.373, 6.388, 6.317, 6.378, 6.321, 6.42, 6.312
6.315, 6.331, 6.39, 6.26, 6.331, 6.38, 6.384, 6.3, 6.389, 6.391, 6.43, 6.383, 6.389, 6.357, 6.41, 6.341, 6.384, 6.336, 6.408, 6.317
6.33, 6.317, 6.366, 6.264, 6.327, 6.204, 6.357, 6.194, 6.248, 6.272, 6.296, 6.13, 6.271, 6.302, 6.356, 6.265, 6.298, 6.191, 6.299, 6.175
6.198, 6.124, 6.227, 6.059, 6.131, 6.254, 6.27, 6.131, 6.245, 6.26, 6.274, 6.229, 6.265, 6.148, 6.27, 6.142, 6.182, 6.175, 6.196, 6.118
6.187, 6.159, 6.217, 6.119, 6.124, 6.219, 6.23, 6.079, 6.214, 6.215, 6.247, 6.196, 6.218, 6.335, 6.347, 6.218, 6.35, 6.365, 6.366, 6.324
6.369, 6.34, 6.369, 6.321, 6.342, 6.366, 6.379, 6.306, 6.373, 6.316, 6.377, 6.305, 6.316, 6.286, 6.342, 6.264, 6.29, 6.346, 6.349, 6.275
6.335, 6.33, 6.365, 6.313, 6.33, 6.29, 6.338, 6.28, 6.287, 6.33, 6.333, 6.246, 6.349, 6.401, 6.418, 6.349, 6.398, 6.427, 6.429, 6.368
6.423, 6.342, 6.423, 6.335, 6.342, 6.322, 6.361, 6.31, 6.323, 6.238, 6.323, 6.226, 6.234, 6.226, 6.275, 6.187, 6.219, 6.148, 6.254, 6.138
6.085, 6.007, 6.098, 6.0, 6.039, 6.078, 6.092, 5.996, 6.062, 6.007, 6.07, 5.968, 6.02, 6.006, 6.039, 5.971, 6.004, 6.108, 6.11, 6.004
6.105, 6.102, 6.108, 6.074, 6.115, 6.069, 6.138, 6.051, 6.06, 5.995, 6.061, 5.96, 5.988, 5.958, 5.999, 5.928, 5.961, 6.007, 6.019, 5.918
5.999, 5.922, 5.999, 5.914, 5.91, 5.912, 5.962, 5.886, 5.911, 5.807, 5.916, 5.75, 5.735, 5.439, 5.735, 5.353, 5.418, 5.487, 5.518, 5.387
5.489, 5.39, 5.55, 5.381, 5.36, 5.46, 5.472, 5.318, 5.49, 5.41, 5.507, 5.406, 5.38, 5.457, 5.478, 5.349, 5.457, 5.383, 5.491, 5.375
5.379, 5.343, 5.458, 5.338, 5.36, 5.531, 5.541, 5.35, 5.53, 5.442, 5.554, 5.389, 5.447, 5.499, 5.519, 5.352, 5.483, 5.424, 5.483, 5.403
5.418, 5.28, 5.428, 5.277, 5.277, 5.282, 5.369, 5.191, 5.306, 5.418, 5.42, 5.305, 5.42, 5.447, 5.458, 5.387, 5.353, 5.344, 5.38, 5.279
5.343, 5.5, 5.511, 5.343, 5.499, 5.514, 5.53, 5.477, 5.517, 5.52, 5.541, 5.476, 5.52, 5.501, 5.52, 5.436, 5.51, 5.475, 5.547, 5.471
5.47, 5.429, 5.497, 5.393, 5.403, 5.496, 5.518, 5.392, 5.469, 5.537, 5.543, 5.451, 5.544, 5.63, 5.653, 5.539, 5.629, 5.631, 5.661, 5.615
5.632, 5.598, 5.642, 5.578, 5.583, 5.569, 5.613, 5.543, 5.569, 5.485, 5.579, 5.474, 5.484, 5.497, 5.538, 5.46, 5.506, 5.411, 5.566, 5.406
5.402, 5.286, 5.409, 5.181, 5.283, 5.235, 5.319, 5.234, 5.226, 5.125, 5.238, 5.098, 5.136, 5.252, 5.261, 5.094, 5.231, 5.185, 5.243, 5.16
5.153, 5.316, 5.34, 5.153, 5.295, 5.338, 5.346, 5.293, 5.3, 5.371, 5.382, 5.255, 5.36, 5.344, 5.364, 5.314, 5.34, 5.238, 5.341, 5.226
5.2, 5.192, 5.25, 5.108, 5.23, 5.099, 5.25, 5.087, 5.1, 5.128, 5.141, 5.038, 5.128, 5.18, 5.217, 5.111, 5.185, 5.146, 5.185, 5.13
5.145, 5.171, 5.197, 5.111, 5.15, 5.152, 5.186, 5.123, 5.165, 5.28, 5.285, 5.165, 5.286, 5.286, 5.295, 5.255, 5.27, 5.259, 5.283, 5.232
5.254, 5.18, 5.26, 5.171, 5.169, 5.123, 5.171, 5.101, 5.114, 5.147, 5.148, 5.055, 5.134, 5.184, 5.215, 5.127, 5.173, 5.117, 5.189, 5.113
5.1, 5.094, 5.159, 5.069, 5.107, 5.086, 5.181, 5.05, 5.08, 5.008, 5.092, 4.997, 5.011, 5.001, 5.04, 4.967, 5.001, 4.985, 5.033, 4.971
5.034, 5.013, 5.08, 4.944, 5.02, 4.96, 5.029, 4.958, 4.94, 4.9, 4.94, 4.875, 4.886, 4.972, 4.984, 4.871, 4.958, 5.031, 5.075, 4.95
5.035, 5.03, 5.063, 5.02, 5.036, 5.126, 5.128, 5.017, 5.087, 5.098, 5.117, 5.07, 5.092, 5.108, 5.159, 5.08, 5.107, 5.055, 5.12, 5.046
5.056, 5.122, 5.124, 5.04, 5.01, 4.942, 5.045, 4.936, 4.946, 4.927, 4.98, 4.905, 4.93, 4.926, 4.959, 4.876, 4.795, 4.554, 4.796, 4.526
4.547, 4.536, 4.571, 4.407, 4.55, 4.458, 4.592, 4.451, 4.459, 4.375, 4.486, 4.338, 4.425, 4.394, 4.435, 4.305, 4.369, 4.297, 4.369, 4.281
4.268, 4.386, 4.407, 4.22, 4.5, 4.642, 4.681, 4.45, 4.642, 4.53, 4.66, 4.498, 4.517, 4.517, 4.579, 4.48, 4.39, 4.516, 4.523, 4.352
4.524, 4.494, 4.577, 4.477, 4.503, 4.44, 4.505, 4.412, 4.424, 4.481, 4.522, 4.36, 4.487, 4.549, 4.588, 4.477, 4.595, 4.581, 4.664, 4.577
4.73, 4.75, 4.79, 4.653, 4.725, 4.726, 4.763, 4.64, 4.7, 4.735, 4.735, 4.656, 4.736, 4.69, 4.78, 4.688, 4.729, 4.659, 4.734, 4.656
4.641, 4.661, 4.687, 4.63, 4.652, 4.783, 4.796, 4.645, 4.73, 4.878, 4.908, 4.722, 4.866, 4.856, 4.915, 4.835, 4.852, 4.942, 4.944, 4.848
4.95, 4.972, 5.022, 4.914, 4.965, 4.974, 4.997, 4.911, 4.928, 4.842, 4.953, 4.831, 4.778, 4.853, 4.878, 4.77, 4.863, 4.853, 4.894, 4.822
4.842, 4.647, 4.848, 4.642, 4.656, 4.656, 4.704, 4.629, 4.68, 4.68, 4.708, 4.653, 4.682, 4.749, 4.751, 4.621, 4.775, 4.653, 4.804, 4.64
4.645, 4.679, 4.686, 4.59, 4.807, 4.828, 4.85, 4.767, 4.82, 4.847, 4.858, 4.8, 4.781, 4.815, 4.856, 4.764, 4.775, 4.711, 4.787, 4.702
4.716, 4.712, 4.739, 4.705, 4.688, 4.654, 4.699, 4.645, 4.669, 4.704, 4.711, 4.664, 4.72, 4.693, 4.734, 4.69, 4.71, 4.763, 4.798, 4.685
4.753, 4.66, 4.755, 4.65, 4.632, 4.635, 4.657, 4.584, 4.61, 4.601, 4.65, 4.555, 4.604, 4.534, 4.615, 4.531, 4.532, 4.562, 4.574, 4.518
4.547, 4.538, 4.563, 4.496, 4.53, 4.577, 4.585, 4.511, 4.531, 4.517, 4.555, 4.413, 4.511, 4.501, 4.545, 4.477, 4.569, 4.445, 4.57, 4.435
4.455, 4.451, 4.493, 4.436, 4.46, 4.409, 4.463, 4.406, 4.415, 4.398, 4.482, 4.392, 4.368, 4.518, 4.521, 4.363, 4.535, 4.596, 4.609, 4.512
4.589, 4.586, 4.598, 4.563, 4.6, 4.583, 4.67, 4.58, 4.581, 4.591, 4.632, 4.575, 4.59, 4.615, 4.629, 4.562, 4.616, 4.591, 4.631, 4.578
4.59, 4.655, 4.666, 4.57, 4.655, 4.647, 4.68, 4.631, 4.649, 4.61, 4.66, 4.604, 4.615, 4.659, 4.668, 4.596, 4.666, 4.676, 4.713, 4.657
4.669, 4.608, 4.67, 4.586, 4.595, 4.613, 4.628, 4.589, 4.614, 4.645, 4.68, 4.588, 4.642, 4.622, 4.674, 4.619, 4.65, 4.606, 4.687, 4.596
4.599, 4.545, 4.599, 4.481, 4.522, 4.512, 4.572, 4.511, 4.513, 4.483, 4.548, 4.444, 4.496, 4.618, 4.619, 4.496, 4.62, 4.718, 4.721, 4.618
4.717, 4.743, 4.77, 4.71, 4.745, 4.83, 4.851, 4.732, 4.829, 4.85, 4.883, 4.81, 4.834, 4.816, 4.866, 4.806, 4.84, 5.006, 5.01, 4.84
5.01, 4.984, 5.051, 4.931, 4.99, 4.974, 4.998, 4.936, 4.979, 4.979, 5.089, 4.958, 4.981, 5.136, 5.14, 4.969, 5.218, 5.479, 5.484, 5.176
5.47, 5.406, 5.514, 5.351, 5.399, 5.363, 5.446, 5.302, 5.362, 5.368, 5.419, 5.333, 5.391, 5.432, 5.44, 5.32, 5.45, 5.506, 5.618, 5.45
5.496, 5.666, 5.671, 5.482, 5.687, 5.777, 5.8, 5.608, 5.779, 5.824, 5.906, 5.55, 5.651, 5.632, 5.848, 5.621, 5.642, 5.838, 5.842, 5.642
5.873, 5.933, 5.976, 5.837, 5.925, 5.793, 5.927, 5.755, 5.74, 5.658, 5.798, 5.61, 5.686, 5.72, 5.801, 5.669, 5.742, 5.903, 5.906, 5.701
5.907, 5.892, 5.938, 5.858, 5.883, 5.893, 5.907, 5.779, 5.895, 5.958, 6.035, 5.893, 5.965, 6.022, 6.025, 5.88, 5.909, 5.935, 6.01, 5.909
5.961, 5.757, 5.97, 5.74, 5.794, 5.828, 5.833, 5.715, 5.804, 5.746, 5.865, 5.741, 5.748, 5.942, 5.95, 5.725, 5.984, 6.177, 6.181, 5.983
6.25, 6.172, 6.251, 6.14, 6.14, 6.244, 6.271, 6.134, 6.279, 6.301, 6.312, 6.213, 6.345, 6.23, 6.358, 6.156, 6.221, 6.257, 6.278, 6.195
6.23, 6.242, 6.325, 6.168, 6.241, 6.136, 6.264, 6.13, 6.13, 6.12, 6.152, 6.068, 6.198, 6.039, 6.226, 6.031, 6.009, 6.182, 6.188, 5.97
6.183, 6.193, 6.243, 6.143, 6.192, 6.172, 6.219, 6.152, 6.163, 6.225, 6.228, 6.097, 6.225, 6.123, 6.225, 6.103, 6.108, 6.008, 6.119, 5.998
6.014, 6.067, 6.085, 5.954, 6.037, 5.851, 6.053, 5.846, 5.848, 5.797, 5.882, 5.795, 5.8, 5.654, 5.81, 5.625, 5.637, 5.672, 5.731, 5.621
5.451, 5.254, 5.5, 5.211, 5.308, 5.3, 5.34, 5.231, 5.21, 5.277, 5.388, 5.191, 5.25, 5.239, 5.302, 5.22, 5.297, 5.416, 5.43, 5.174
5.331, 5.337, 5.378, 5.314, 5.305, 5.316, 5.365, 5.3, 5.348, 5.422, 5.448, 5.345, 5.419, 5.471, 5.482, 5.401, 5.474, 5.3, 5.485, 5.269
5.276, 5.26, 5.309, 5.18, 5.262, 5.348, 5.391, 5.26, 5.345, 5.331, 5.362, 5.28, 5.31, 5.228, 5.317, 5.213, 5.224, 5.199, 5.246, 5.183
5.204, 5.312, 5.34, 5.18, 5.316, 5.301, 5.357, 5.288, 5.29, 5.303, 5.35, 5.273, 5.28, 5.287, 5.292, 5.215, 5.271, 5.261, 5.338, 5.252
5.283, 5.22, 5.31, 5.199, 5.21, 5.15, 5.216, 5.124, 5.191, 5.132, 5.201, 5.129, 5.133, 5.017, 5.133, 5.015, 5.032, 5.07, 5.112, 5.01
5.071, 5.28, 5.281, 5.07, 5.265, 5.224, 5.281, 5.211, 5.211, 5.241, 5.265, 5.196, 5.241, 5.162, 5.259, 5.15, 5.159, 5.16, 5.188, 5.135
5.162, 5.148, 5.183, 5.12, 5.285, 5.214, 5.315, 5.211, 5.21, 5.323, 5.363, 5.195, 5.421, 5.392, 5.43, 5.366, 5.397, 5.391, 5.406, 5.356
5.386, 5.338, 5.387, 5.267, 5.3, 5.337, 5.368, 5.294, 5.342, 5.383, 5.417, 5.342, 5.371, 5.332, 5.375, 5.296, 5.438, 5.479, 5.494, 5.395
5.467, 5.46, 5.48, 5.443, 5.448, 5.429, 5.448, 5.411, 5.432, 5.406, 5.46, 5.376, 5.4, 5.433, 5.447, 5.382, 5.405, 5.241, 5.41, 5.229
5.24, 5.247, 5.265, 5.213, 5.256, 5.217, 5.275, 5.205, 5.233, 5.219, 5.289, 5.187, 5.209, 5.243, 5.255, 5.2, 5.237, 5.301, 5.346, 5.151
5.288, 5.314, 5.321, 5.284, 5.308, 5.304, 5.339, 5.292, 5.286, 5.229, 5.288, 5.228, 5.242, 5.261, 5.31, 5.241, 5.259, 5.161, 5.273, 5.143
5.161, 5.199, 5.209, 5.16, 5.216, 5.248, 5.291, 5.216, 5.243, 5.273, 5.285, 5.239, 5.26, 5.285, 5.293, 5.243, 5.283, 5.28, 5.305, 5.25
5.281, 5.311, 5.359, 5.279, 5.3, 5.298, 5.318, 5.281, 5.277, 5.261, 5.293, 5.238, 5.153, 5.19, 5.196, 5.141, 5.166, 5.134, 5.217, 5.131
5.051, 5.013, 5.065, 4.926, 5.037, 4.991, 5.045, 4.988, 5.01, 5.019, 5.033, 4.999, 5.036, 4.972, 5.055, 4.965, 4.98, 5.062, 5.065, 4.96
5.016, 5.029, 5.035, 4.998, 5.079, 5.052, 5.113, 5.049, 4.957, 5.076, 5.09, 4.953, 5.07, 5.091, 5.132, 5.07, 5.133, 5.279, 5.282, 5.133
5.279, 5.257, 5.313, 5.251, 5.256, 5.266, 5.281, 5.241, 5.273, 5.272, 5.281, 5.24, 5.271, 5.275, 5.296, 5.247, 5.209, 5.238, 5.253, 5.176
5.259, 5.316, 5.383, 5.259, 5.315, 5.314, 5.336, 5.294, 5.321, 5.329, 5.35, 5.297, 5.358, 5.285, 5.379, 5.259, 5.284, 5.408, 5.432, 5.278
5.41, 5.438, 5.439, 5.394, 5.434, 5.519, 5.524, 5.422, 5.54, 5.554, 5.63, 5.534, 5.562, 5.57, 5.588, 5.527, 5.607, 5.676, 5.678, 5.576
5.673, 5.671, 5.685, 5.62, 5.676, 5.648, 5.702, 5.62, 5.65, 5.663, 5.689, 5.618, 5.69, 5.665, 5.702, 5.642, 5.65, 5.547, 5.65, 5.535
5.548, 5.551, 5.574, 5.537, 5.552, 5.601, 5.605, 5.531, 5.605, 5.61, 5.631, 5.589, 5.601, 5.587, 5.601, 5.534, 5.579, 5.589, 5.663, 5.576
5.561, 5.501, 5.564, 5.497, 5.511, 5.376, 5.516, 5.373, 5.385, 5.401, 5.431, 5.383, 5.401, 5.325, 5.42, 5.302, 5.342, 5.337, 5.398, 5.334
5.327, 5.384, 5.391, 5.3, 5.381, 5.443, 5.455, 5.37, 5.452, 5.471, 5.486, 5.407, 5.496, 5.533, 5.569, 5.495, 5.515, 5.466, 5.517, 5.458
5.475, 5.434, 5.5, 5.432, 5.432, 5.435, 5.458, 5.422, 5.436, 5.36, 5.465, 5.347, 5.356, 5.35, 5.356, 5.3, 5.356, 5.4, 5.418, 5.349
5.406, 5.368, 5.411, 5.347, 5.365, 5.358, 5.373, 5.322, 5.359, 5.403, 5.409, 5.309, 5.452, 5.477, 5.479, 5.425, 5.478, 5.41, 5.478, 5.406
5.392, 5.343, 5.394, 5.337, 5.347, 5.315, 5.364, 5.307, 5.308, 5.366, 5.372, 5.29, 5.363, 5.381, 5.414, 5.362, 5.383, 5.421, 5.454, 5.366
5.415, 5.374, 5.429, 5.346, 5.365, 5.409, 5.43, 5.36, 5.445, 5.389, 5.464, 5.385, 5.36, 5.265, 5.361, 5.26, 5.268, 5.268, 5.283, 5.21
5.267, 5.268, 5.274, 5.237, 5.259, 5.299, 5.313, 5.258, 5.299, 5.267, 5.335, 5.262, 5.26, 5.286, 5.303, 5.248, 5.286, 5.371, 5.376, 5.28
5.373, 5.337, 5.388, 5.334, 5.325, 5.345, 5.368, 5.31, 5.345, 5.29, 5.427, 5.267, 5.287, 5.294, 5.31, 5.245, 5.3, 5.276, 5.319, 5.266
5.262, 5.3, 5.338, 5.26, 5.294, 5.29, 5.317, 5.273, 5.288, 5.29, 5.311, 5.238, 5.301, 5.307, 5.334, 5.28, 5.28, 5.33, 5.331, 5.262
5.303, 5.319, 5.333, 5.295, 5.331, 5.369, 5.386, 5.323, 5.37, 5.421, 5.423, 5.355, 5.424, 5.433, 5.449, 5.409, 5.422, 5.458, 5.469, 5.405
5.454, 5.437, 5.459, 5.412, 5.436, 5.426, 5.461, 5.419, 5.47, 5.5, 5.514, 5.446, 5.501, 5.587, 5.597, 5.497, 5.587, 5.675, 5.701, 5.58
5.664, 5.67, 5.71, 5.655, 5.67, 5.684, 5.698, 5.652, 5.684, 5.628, 5.701, 5.618, 5.607, 5.499, 5.621, 5.494, 5.509, 5.582, 5.589, 5.506
5.574, 5.607, 5.617, 5.57, 5.6, 5.649, 5.652, 5.588, 5.655, 5.604, 5.689, 5.602, 5.593, 5.682, 5.687, 5.551, 5.671, 5.705, 5.712, 5.656
5.758, 5.813, 5.829, 5.723, 5.813, 5.824, 5.846, 5.8, 5.808, 5.89, 5.948, 5.795, 5.888, 5.966, 5.968, 5.888, 5.928, 5.883, 5.962, 5.865
5.928, 5.957, 5.958, 5.907, 5.97, 5.932, 5.98, 5.901, 5.935, 6.031, 6.035, 5.892, 6.036, 6.005, 6.055, 5.999, 5.997, 5.987, 6.008, 5.946
5.99, 5.995, 6.015, 5.971, 6.002, 5.961, 6.019, 5.945, 5.97, 6.061, 6.063, 5.951, 6.04, 5.99, 6.044, 5.964, 5.96, 6.036, 6.074, 5.885
5.977, 5.811, 6.013, 5.764, 5.345, 5.339, 5.383, 5.3, 5.339, 5.429, 5.448, 5.284, 5.432, 5.546, 5.6, 5.42, 5.56, 5.711, 5.738, 5.507
5.705, 5.766, 5.769, 5.664, 5.746, 5.822, 5.824, 5.721, 5.82, 5.796, 5.837, 5.761, 5.786, 5.914, 5.915, 5.775, 5.905, 5.861, 5.925, 5.845
5.84, 5.868, 5.925, 5.822, 5.894, 6.067, 6.07, 5.894, 6.07, 6.116, 6.12, 6.029, 6.114, 6.067, 6.135, 6.056, 6.069, 6.181, 6.195, 6.041
6.165, 6.279, 6.312, 6.162, 6.256, 6.337, 6.366, 6.218, 6.237, 6.379, 6.395, 6.114, 6.298, 6.217, 6.356, 6.201, 6.225, 6.215, 6.297, 6.166
6.061, 5.906, 6.103, 5.898, 5.955, 6.122, 6.153, 5.955, 6.22, 6.164, 6.301, 6.11, 6.122, 6.184, 6.19, 6.061, 6.27, 6.263, 6.282, 6.199
6.191, 6.227, 6.283, 6.19, 6.13, 5.997, 6.16, 5.99, 5.94, 6.13, 6.135, 5.873, 6.147, 6.04, 6.166, 6.038, 5.968, 5.962, 6.012, 5.902
5.702, 5.919, 5.967, 5.66, 5.928, 5.632, 5.93, 5.615, 5.699, 5.643, 5.768, 5.482, 5.669, 5.558, 5.77, 5.543, 5.56, 5.608, 5.62, 5.427
5.637, 5.649, 5.658, 5.555, 5.5, 5.423, 5.552, 5.395, 5.517, 5.5, 5.546, 5.375, 5.611, 5.633, 5.652, 5.574, 5.6, 5.579, 5.646, 5.577
5.64, 5.555, 5.655, 5.551, 5.5, 5.448, 5.5, 5.389, 5.495, 5.448, 5.505, 5.437, 5.435, 5.428, 5.529, 5.423, 5.416, 5.589, 5.593, 5.409
5.554, 5.522, 5.576, 5.497, 5.619, 5.686, 5.703, 5.618, 5.665, 5.703, 5.724, 5.655, 5.729, 5.756, 5.775, 5.721, 5.75, 5.652, 5.75, 5.625
5.611, 5.594, 5.626, 5.568, 5.618, 5.714, 5.721, 5.617, 5.715, 5.703, 5.754, 5.697, 5.685, 5.748, 5.774, 5.675, 5.782, 5.755, 5.824, 5.737
5.755, 5.817, 5.819, 5.746, 5.792, 5.78, 5.792, 5.713, 5.73, 5.834, 5.839, 5.728, 5.835, 5.804, 5.846, 5.794, 5.782, 5.718, 5.8, 5.698
5.717, 5.698, 5.751, 5.687, 5.698, 5.654, 5.699, 5.531, 5.65, 5.665, 5.7, 5.637, 5.688, 5.807, 5.823, 5.688, 5.77, 5.897, 5.913, 5.756
5.897, 5.89, 5.917, 5.866, 5.922, 5.965, 5.991, 5.913, 5.969, 5.942, 6.015, 5.917, 5.935, 5.957, 5.966, 5.896, 5.949, 5.988, 5.998, 5.925
5.969, 5.957, 5.987, 5.943, 5.958, 5.968, 6.013, 5.95, 5.974, 5.937, 5.992, 5.916, 5.97, 6.004, 6.007, 5.963, 5.996, 5.957, 6.004, 5.938
5.961, 5.886, 5.975, 5.878, 5.864, 5.785, 5.885, 5.766, 5.782, 5.761, 5.801, 5.743, 5.795, 5.869, 5.875, 5.783, 5.874, 5.832, 5.875, 5.808
5.827, 5.816, 5.856, 5.75, 5.792, 5.864, 5.871, 5.791, 5.901, 6.061, 6.064, 5.901, 6.08, 6.055, 6.085, 6.023, 6.07, 6.045, 6.099, 6.042
6.062, 6.056, 6.073, 6.023, 6.056, 6.07, 6.075, 6.023, 6.095, 6.057, 6.12, 6.047, 6.058, 6.093, 6.11, 6.042, 6.093, 6.101, 6.105, 6.063
6.101, 6.09, 6.18, 6.05, 5.99, 6.091, 6.127, 5.984, 6.085, 6.084, 6.158, 6.078, 6.127, 6.194, 6.197, 6.127, 6.209, 6.244, 6.255, 6.191
6.243, 6.26, 6.268, 6.222, 6.26, 6.306, 6.33, 6.251, 6.303, 6.302, 6.349, 6.294, 6.302, 6.33, 6.334, 6.271, 6.331, 6.331, 6.352, 6.3
6.325, 6.303, 6.325, 6.271, 6.313, 6.396, 6.428, 6.313, 6.414, 6.424, 6.429, 6.358, 6.422, 6.539, 6.554, 6.403, 6.544, 6.626, 6.629, 6.524
6.675, 6.941, 6.99, 6.675, 7.012, 7.01, 7.126, 6.925, 6.994, 7.15, 7.171, 6.97, 7.143, 7.341, 7.354, 7.13, 7.304, 7.33, 7.404, 7.281
7.337, 7.563, 7.567, 7.337, 7.558, 7.463, 7.558, 7.315, 7.462, 7.307, 7.512, 7.238, 7.296, 6.942, 7.376, 6.909, 6.942, 6.947, 7.062, 6.889
7.02, 7.151, 7.156, 6.95, 7.168, 7.191, 7.228, 7.129, 7.183, 7.261, 7.365, 7.157, 7.2, 7.253, 7.278, 7.051, 7.231, 6.909, 7.239, 6.881
6.92, 6.905, 6.964, 6.841, 6.955, 6.976, 7.009, 6.916, 6.936, 7.174, 7.184, 6.93, 7.178, 7.149, 7.214, 7.128, 7.147, 7.224, 7.28, 7.085
7.268, 7.398, 7.399, 7.249, 7.401, 7.354, 7.417, 7.321, 7.355, 7.424, 7.449, 7.294, 7.425, 7.443, 7.46, 7.305, 7.421, 7.35, 7.425, 7.227
7.31, 7.385, 7.437, 7.29, 7.366, 7.252, 7.425, 7.237, 7.22, 7.16, 7.24, 7.029, 7.179, 7.193, 7.23, 7.15, 7.194, 7.295, 7.299, 7.153
7.293, 7.399, 7.412, 7.261, 7.396, 7.452, 7.483, 7.395, 7.451, 7.326, 7.452, 7.321, 7.331, 7.254, 7.335, 7.23, 7.265, 7.297, 7.354, 7.241
7.32, 7.336, 7.355, 7.233, 7.35, 7.299, 7.403, 7.282, 7.291, 7.176, 7.316, 7.141, 7.176, 7.24, 7.244, 7.137, 7.228, 7.363, 7.372, 7.192
7.387, 7.326, 7.44, 7.323, 7.31, 7.378, 7.38, 7.301, 7.382, 7.373, 7.405, 7.295, 7.369, 7.333, 7.403, 7.308, 7.252, 7.283, 7.299, 7.207
7.264, 7.131, 7.339, 7.101, 7.139, 7.176, 7.204, 7.085, 7.103, 6.997, 7.125, 6.951, 7.033, 6.877, 7.052, 6.842, 6.837, 6.935, 6.95, 6.829
6.977, 6.988, 7.007, 6.92, 6.972, 7.016, 7.03, 6.957, 7.017, 6.994, 7.017, 6.96, 6.97, 7.009, 7.064, 6.927, 7.0, 7.136, 7.139, 6.99
7.13, 7.085, 7.162, 7.073, 7.045, 6.997, 7.121, 6.967, 7.001, 7.031, 7.052, 6.99, 6.985, 6.895, 6.995, 6.868, 6.896, 6.874, 6.924, 6.838
6.89, 6.81, 6.9, 6.793, 6.83, 6.86, 6.922, 6.814, 6.865, 6.813, 6.901, 6.764, 6.918, 6.99, 7.02, 6.918, 7.04, 7.204, 7.208, 7.038
7.185, 7.206, 7.216, 7.132, 7.196, 7.174, 7.2, 7.156, 7.164, 7.12, 7.19, 7.117, 7.131, 7.081, 7.138, 7.028, 7.12, 7.012, 7.149, 6.985
6.996, 7.07, 7.077, 6.968, 7.06, 7.012, 7.078, 6.963, 6.99, 6.968, 6.999, 6.901, 6.952, 6.854, 7.019, 6.841, 6.848, 6.848, 6.881, 6.752
6.814, 6.846, 6.865, 6.803, 6.846, 6.886, 6.892, 6.791, 6.818, 6.896, 6.933, 6.805, 6.895, 6.74, 6.939, 6.731, 6.745, 6.764, 6.799, 6.73
6.791, 6.87, 6.886, 6.773, 6.87, 6.869, 6.896, 6.803, 6.921, 7.005, 7.019, 6.901, 7.005, 6.953, 7.016, 6.884, 6.98, 7.067, 7.114, 6.979
7.094, 7.019, 7.094, 6.972, 7.0, 6.934, 7.031, 6.933, 6.939, 6.957, 6.993, 6.93, 6.938, 6.959, 6.967, 6.877, 6.972, 7.039, 7.04, 6.94
7.033, 6.992, 7.035, 6.955, 6.988, 6.986, 7.047, 6.96, 6.975, 7.025, 7.035, 6.934, 7.0, 7.084, 7.098, 7.0, 7.086, 7.137, 7.198, 7.056
7.135, 7.135, 7.16, 7.122, 7.152, 7.021, 7.163, 7.01, 7.02, 7.0, 7.029, 6.948, 7.002, 7.029, 7.031, 6.922, 7.03, 6.977, 7.07, 6.956
6.967, 7.089, 7.113, 6.961, 7.091, 7.095, 7.112, 7.047, 7.093, 7.119, 7.138, 7.046, 7.1, 7.145, 7.148, 7.063, 7.142, 7.093, 7.151, 7.074
7.087, 7.084, 7.126, 7.079, 7.09, 6.974, 7.1, 6.967, 6.939, 6.986, 7.019, 6.926, 6.989, 6.872, 7.013, 6.833, 6.872, 6.923, 6.928, 6.833
6.908, 6.93, 6.941, 6.887, 6.93, 6.904, 6.94, 6.879, 6.9, 6.988, 6.998, 6.856, 6.98, 6.964, 7.005, 6.929, 6.961, 7.075, 7.093, 6.957
7.071, 6.939, 7.071, 6.92, 6.94, 6.976, 7.021, 6.912, 6.973, 6.888, 6.975, 6.872, 6.866, 6.953, 6.967, 6.861, 6.942, 6.91, 6.969, 6.887
6.914, 6.88, 6.97, 6.865, 6.873, 6.937, 6.974, 6.856, 6.959, 7.043, 7.054, 6.947, 7.063, 7.163, 7.2, 7.031, 7.151, 7.226, 7.242, 7.128
7.229, 7.218, 7.284, 7.162, 7.205, 7.248, 7.27, 7.166, 7.249, 7.266, 7.309, 7.181, 7.258, 7.154, 7.27, 7.11, 7.133, 7.242, 7.249, 7.131
7.241, 7.196, 7.248, 7.157, 7.182, 7.145, 7.222, 7.1, 7.138, 7.119, 7.15, 7.038, 7.093, 7.205, 7.226, 7.089, 7.205, 7.166, 7.23, 7.149
7.163, 7.231, 7.242, 7.147, 7.24, 7.333, 7.36, 7.24, 7.318, 7.343, 7.356, 7.27, 7.34, 7.355, 7.428, 7.302, 7.318, 7.243, 7.327, 7.225
7.228, 7.261, 7.265, 7.186, 7.192, 7.124, 7.22, 7.103, 7.139, 7.024, 7.162, 6.93, 7.022, 7.073, 7.081, 7.017, 7.075, 7.14, 7.144, 7.043
7.14, 7.098, 7.172, 7.097, 7.07, 7.021, 7.095, 6.932, 7.019, 6.916, 7.06, 6.91, 6.919, 6.999, 7.031, 6.89, 6.995, 7.141, 7.158, 6.995
7.15, 7.222, 7.239, 7.104, 7.36, 7.329, 7.4, 7.26, 7.317, 7.434, 7.443, 7.253, 7.459, 7.365, 7.55, 7.362, 7.329, 7.345, 7.425, 7.323
7.325, 7.251, 7.39, 7.186, 7.295, 7.215, 7.318, 7.172, 7.103, 7.056, 7.152, 7.031, 7.08, 7.181, 7.184, 7.08, 7.203, 7.125, 7.21, 7.081
7.108, 7.22, 7.224, 7.108, 7.19, 7.098, 7.19, 7.067, 7.034, 7.109, 7.146, 7.01, 7.136, 6.939, 7.198, 6.928, 6.928, 6.783, 6.945, 6.699
6.825, 6.712, 6.859, 6.703, 6.712, 6.892, 6.895, 6.688, 6.9, 6.897, 6.908, 6.793, 6.855, 6.852, 6.904, 6.778, 6.85, 6.855, 6.901, 6.794
6.841, 6.895, 6.908, 6.777, 6.895, 6.946, 6.988, 6.895, 6.879, 6.889, 6.938, 6.839, 6.878, 6.978, 6.991, 6.878, 6.979, 6.898, 6.993, 6.861
6.85, 6.823, 6.911, 6.806, 6.793, 6.839, 6.869, 6.775, 6.841, 6.928, 6.946, 6.839, 6.935, 6.928, 6.953, 6.88, 6.923, 6.953, 6.966, 6.885
6.944, 6.943, 6.952, 6.865, 6.938, 6.991, 7.012, 6.914, 7.0, 7.007, 7.026, 6.968, 7.021, 7.021, 7.069, 7.0, 7.027, 7.032, 7.035, 6.962
7.025, 7.053, 7.075, 6.987, 7.037, 7.029, 7.058, 6.998, 7.016, 6.915, 7.029, 6.886, 6.899, 6.893, 6.943, 6.877, 6.892, 6.956, 6.98, 6.892
6.946, 6.963, 6.972, 6.889, 6.982, 7.05, 7.052, 6.963, 7.039, 7.122, 7.138, 7.012, 7.109, 7.136, 7.169, 7.102, 7.106, 7.117, 7.142, 7.068
7.133, 7.143, 7.175, 7.12, 7.141, 7.178, 7.18, 7.108, 7.173, 7.148, 7.266, 7.141, 7.146, 7.146, 7.178, 7.108, 7.144, 7.198, 7.204, 7.101
7.197, 7.2, 7.212, 7.157, 7.197, 7.211, 7.221, 7.131, 7.206, 7.188, 7.27, 7.147, 7.197, 7.157, 7.25, 7.15, 7.158, 7.179, 7.215, 7.143
7.147, 7.159, 7.187, 7.05, 7.143, 7.238, 7.251, 7.12, 7.197, 7.158, 7.218, 7.14, 7.168, 7.269, 7.272, 7.139, 7.269, 7.306, 7.349, 7.26
7.306, 7.326, 7.34, 7.293, 7.317, 7.314, 7.323, 7.27, 7.311, 7.287, 7.32, 7.23, 7.286, 7.259, 7.31, 7.241, 7.257, 7.28, 7.309, 7.215
7.279, 7.358, 7.382, 7.262, 7.363, 7.369, 7.38, 7.348, 7.363, 7.43, 7.434, 7.352, 7.432, 7.427, 7.468, 7.392, 7.43, 7.479, 7.483, 7.41
7.473, 7.491, 7.498, 7.4, 7.487, 7.445, 7.502, 7.42, 7.438, 7.43, 7.505, 7.421, 7.402, 7.465, 7.5, 7.381, 7.479, 7.485, 7.494, 7.439
7.48, 7.458, 7.53, 7.416, 7.445, 7.451, 7.472, 7.421, 7.455, 7.546, 7.552, 7.438, 7.543, 7.509, 7.557, 7.494, 7.509, 7.418, 7.519, 7.408
7.418, 7.328, 7.421, 7.306, 7.313, 7.373, 7.385, 7.313, 7.373, 7.447, 7.5, 7.354, 7.429, 7.476, 7.505, 7.407, 7.498, 7.52, 7.533, 7.461
7.529, 7.581, 7.596, 7.502, 7.581, 7.554, 7.581, 7.527, 7.544, 7.614, 7.635, 7.533, 7.614, 7.619, 7.649, 7.594, 7.619, 7.561, 7.631, 7.537
7.563, 7.598, 7.62, 7.551, 7.618, 7.513, 7.622, 7.505, 7.498, 7.449, 7.515, 7.438, 7.45, 7.494, 7.508, 7.449, 7.494, 7.493, 7.533, 7.42
7.45, 7.561, 7.565, 7.438, 7.569, 7.55, 7.598, 7.54, 7.549, 7.615, 7.622, 7.488, 7.653, 7.723, 7.75, 7.644, 7.723, 7.796, 7.804, 7.703
7.792, 7.745, 7.807, 7.722, 7.732, 7.763, 7.774, 7.666, 7.745, 7.774, 7.833, 7.745, 7.721, 7.73, 7.78, 7.699, 7.69, 7.739, 7.75, 7.674
7.752, 7.837, 7.848, 7.752, 7.84, 7.871, 7.88, 7.809, 7.883, 7.856, 7.916, 7.821, 7.84, 7.711, 7.857, 7.622, 7.707, 7.564, 7.772, 7.552
7.503, 7.45, 7.541, 7.353, 7.55, 7.577, 7.596, 7.502, 7.542, 7.601, 7.606, 7.52, 7.599, 7.704, 7.712, 7.559, 7.698, 7.65, 7.711, 7.633
7.648, 7.763, 7.766, 7.635, 7.747, 7.754, 7.787, 7.707, 7.755, 7.79, 7.792, 7.726, 7.766, 7.821, 7.837, 7.731, 7.812, 7.874, 7.88, 7.799
7.873, 7.934, 7.94, 7.851, 7.921, 7.965, 7.991, 7.894, 7.96, 7.967, 7.998, 7.923, 7.968, 7.927, 7.983, 7.907, 7.915, 7.752, 7.933, 7.729
7.747, 7.785, 7.808, 7.715, 7.772, 7.802, 7.829, 7.705, 7.78, 7.768, 7.81, 7.695, 7.782, 7.88, 7.89, 7.782, 7.91, 7.963, 7.973, 7.859
7.96, 8.027, 8.03, 7.921, 8.024, 7.993, 8.05, 7.98, 7.98, 8.054, 8.068, 7.962, 8.07, 8.11, 8.152, 8.058, 8.107, 8.142, 8.145, 8.032
8.15, 8.073, 8.161, 7.98, 8.063, 8.219, 8.228, 8.047, 8.25, 8.177, 8.3, 8.124, 8.181, 8.248, 8.25, 8.123, 8.237, 8.429, 8.434, 8.235
8.429, 8.483, 8.486, 8.414, 8.472, 8.557, 8.568, 8.451, 8.548, 8.554, 8.62, 8.494, 8.53, 8.583, 8.599, 8.49, 8.58, 8.488, 8.649, 8.465
8.454, 8.524, 8.569, 8.448, 8.53, 8.369, 8.6, 8.363, 8.344, 8.301, 8.404, 8.186, 8.178, 8.383, 8.386, 8.178, 8.407, 8.429, 8.461, 8.371
8.429, 8.304, 8.429, 8.295, 8.303, 8.075, 8.325, 8.025, 8.058, 8.08, 8.112, 8.043, 8.045, 7.898, 8.047, 7.865, 7.905, 7.969, 7.981, 7.905
8.048, 7.958, 8.078, 7.916, 7.95, 7.951, 7.993, 7.907, 7.951, 7.798, 7.954, 7.75, 7.788, 7.833, 7.854, 7.742, 7.805, 7.862, 7.885, 7.79
7.862, 7.902, 7.909, 7.831, 7.88, 7.926, 7.93, 7.835, 7.926, 7.988, 7.997, 7.9, 7.943, 7.985, 8.028, 7.927, 7.98, 7.964, 8.019, 7.926
7.954, 7.903, 7.982, 7.893, 7.888, 7.969, 7.972, 7.875, 7.976, 7.981, 8.028, 7.946, 7.96, 7.91, 7.974, 7.876, 7.896, 7.816, 7.909, 7.796
7.815, 7.895, 7.897, 7.784, 7.867, 7.925, 7.955, 7.86, 7.911, 7.848, 7.98, 7.785, 7.835, 7.874, 7.908, 7.83, 7.881, 7.938, 7.943, 7.881
7.925, 7.873, 7.947, 7.867, 7.854, 7.897, 7.912, 7.842, 7.92, 7.947, 7.957, 7.891, 7.94, 7.927, 7.94, 7.814, 7.917, 7.993, 7.996, 7.909
8.0, 8.037, 8.053, 7.993, 8.033, 7.978, 8.076, 7.955, 7.974, 7.924, 8.007, 7.915, 7.925, 7.971, 7.974, 7.911, 7.966, 7.97, 8.016, 7.929
7.96, 8.065, 8.075, 7.957, 8.08, 8.135, 8.145, 8.075, 8.125, 8.154, 8.185, 8.118, 8.139, 8.147, 8.18, 8.121, 8.145, 8.142, 8.161, 8.126